time_s,cam_sat,cam_tca,neighbor_sat,perturbed_dist_km,baseline_dist_km,degradation_km
845910,1606,848490.16,2596,0.059926,1.051063,0.991137
1666920,392,1672445.84,1342,0.112153,1.176351,1.064198
244410,2247,251520.30,238,0.234866,0.949969,0.715103
794490,2045,801259.54,36,0.247058,1.147901,0.900843
1368360,1357,1370250.56,2307,0.247989,0.966103,0.718114
1447080,1847,1450901.01,2837,0.261945,0.922375,0.660430
2412000,108,2415930.16,1058,0.312217,1.022075,0.709858
2327040,1341,2331800.29,2291,0.396152,0.975338,0.579186
1354980,2690,1357366.49,641,0.540338,0.986156,0.445818
2549460,2787,2553445.11,738,0.550716,1.082142,0.531426
2188320,1070,2195840.12,2020,0.583125,0.923691,0.340566
338910,2147,343438.63,98,0.590173,0.952355,0.362182
782580,2608,784884.20,599,0.600991,0.915127,0.314136
2117910,402,2124670.79,1392,0.609434,0.923578,0.314144
66480,1530,74413.14,2480,0.610021,1.044266,0.434245
965610,1450,973400.65,2400,0.621058,0.922130,0.301072
1422420,2579,1427186.10,530,0.647905,0.969481,0.321576
1455930,2425,1460590.08,376,0.657570,0.921326,0.263756
2213730,2612,2221149.14,563,0.670715,0.928500,0.257785
743070,2484,748354.51,475,0.698358,0.923404,0.225046
1423260,2973,1429085.70,924,0.698823,0.923526,0.224703
554790,2679,558501.26,630,0.726824,0.923045,0.196221
1439490,1900,1444340.86,2850,0.754264,0.921311,0.167047
17700,671,24380.54,1621,0.789604,0.951501,0.161897
1459200,2882,1469585.32,873,0.801941,0.913340,0.111399
2132250,2941,2142575.02,892,0.813010,0.983068,0.170058
2442570,1534,2445535.09,2484,0.823735,0.921407,0.097672
8430,2895,18844.73,846,0.845527,0.919791,0.074264
1947480,1592,1956899.96,2542,0.855686,0.921743,0.066057
1286790,527,1296999.20,1517,0.905309,0.925398,0.020089
105240,2379,116644.47,330,0.908929,0.913381,0.004452
598560,2429,599295.09,2548,0.960439,5.458353,4.497914
1359540,2074,1359550.44,2193,0.982859,5.459093,4.476234
1397760,312,1400249.50,1262,0.990871,1.016563,0.025692
2309760,422,2311939.72,1372,1.020686,1.057266,0.036580
1505070,658,1505122.82,777,1.064202,5.458374,4.394172
1666080,2997,1666300.46,948,1.089150,1.093849,0.004699
1279050,2636,1279780.30,2755,1.206998,5.458619,4.251621
602760,1400,603220.56,1559,1.430048,5.459782,4.029734
2182890,2723,2185784.16,2842,1.525465,5.460892,3.935427
1959120,2566,1959639.47,2685,1.590773,5.459472,3.868699
1112520,40,1112919.77,199,1.602775,5.458288,3.855513
1394100,913,1397066.82,1032,1.603453,5.458072,3.854619
16500,735,17655.07,854,1.639141,5.458715,3.819574
269880,1485,271598.99,1604,1.662456,5.458173,3.795717
432150,352,435319.72,471,1.814957,5.459870,3.644913
652350,334,654740.50,453,1.821144,5.458688,3.637544
125610,453,127516.91,572,1.854002,5.459655,3.605653
2096700,2765,2098778.91,2884,1.900369,5.458750,3.558381
953730,309,956190.28,428,1.931201,5.460460,3.529259
1769310,1852,1771946.87,1971,2.176068,5.458152,3.282084
1478490,2603,1482120.02,2722,2.182353,5.459160,3.276807
340110,2914,344454.90,34,2.242801,5.458736,3.215935
909090,2700,912004.87,2819,2.244122,5.458267,3.214145
1355670,2141,1357923.87,2260,2.324528,5.458296,3.133768
1167810,2493,1169769.18,2612,2.369204,5.458557,3.089353
1822650,160,1825303.56,319,2.381388,5.458834,3.077446
1932570,952,1934088.49,1071,2.385466,5.458884,3.073418
2214480,823,2216661.04,942,2.495199,5.458134,2.962935
1040010,1426,1043491.83,1545,2.541695,5.458330,2.916635
522990,1917,527859.37,2036,2.545810,5.458267,2.912457
1527840,539,1527968.27,658,2.557819,5.458452,2.900633
2255490,2496,2256026.16,2615,2.560896,5.459547,2.898651
2523180,347,2526503.86,466,2.563922,5.458414,2.894492
1569390,2928,1573889.53,48,2.576269,5.459469,2.883200
717180,921,717326.43,1040,2.594025,5.459143,2.865118
1092240,1981,1094360.07,2100,2.615729,5.458505,2.842776
442080,2242,444049.93,2361,2.629578,5.459451,2.829873
1762830,2617,1767461.11,2736,2.631451,5.460129,2.828678
556770,2081,561219.33,2200,2.640333,5.458681,2.818348
1345800,1930,1347395.68,2049,2.640927,5.458331,2.817404
943710,259,947376.05,378,2.641256,5.459529,2.818273
1489230,2528,1489955.72,2647,2.664333,5.458045,2.793712
1227270,1638,1230040.13,1757,2.690533,5.459333,2.768800
1990500,2067,1993374.53,2186,2.700695,5.458965,2.758270
2224350,994,2226075.87,1113,2.734709,5.458792,2.724083
1252050,1385,1255194.55,1504,2.776073,5.460148,2.684075
1492050,509,1492935.14,628,2.784121,5.459791,2.675670
871890,2160,872857.64,2319,2.795568,5.461049,2.665481
2059830,1303,2061288.81,1422,2.829879,5.458434,2.628555
1590840,459,1592750.37,578,2.840105,5.458349,2.618244
402030,1442,404119.69,1561,2.856624,5.458568,2.601944
359580,2938,360598.42,58,2.883748,5.459283,2.575535
2530050,419,2532685.53,538,2.896312,5.459409,2.563097
840120,1862,841360.51,1981,2.908900,5.458145,2.549245
458880,1245,461479.49,1364,2.924814,5.458992,2.534178
1314990,2545,1317598.55,2664,2.928548,5.458223,2.529675
1429800,2863,1436194.11,2982,2.963483,5.459102,2.495619
546030,2116,547025.08,2235,3.060824,5.458657,2.397833
789390,2856,792735.07,2975,3.066070,5.458624,2.392554
2269830,2076,2272530.66,2195,3.069101,5.458711,2.389610
2389260,1482,2392589.77,1601,3.079674,5.459828,2.380154
155580,2443,157010.55,2562,3.086705,5.459228,2.372523
743460,2217,745694.63,2336,3.089679,5.458831,2.369152
2387460,215,2392660.05,334,3.092849,5.458166,2.365317
1552620,326,1559669.60,445,3.093110,5.458100,2.364990
1552620,326,1557465.66,445,3.093110,5.458100,2.364990
147720,2218,147809.82,2337,3.102522,5.458774,2.356252
1935300,693,1939975.19,812,3.131802,5.460404,2.328602
1099380,2371,1099479.39,2490,3.135783,5.458488,2.322705
674280,2780,675721.73,2899,3.137707,5.458705,2.320998
1562670,2735,1564359.64,2854,3.152322,5.459786,2.307464
1442670,174,1445645.47,293,3.166498,5.458134,2.291636
238320,2785,238344.76,2904,3.212215,5.458555,2.246340
651150,1502,652029.62,1621,3.225756,5.458375,2.232619
1785630,1898,1787105.36,2017,3.230127,5.458337,2.228210
2197980,1538,2198859.31,1657,3.247477,5.458249,2.210772
1163340,165,1165829.76,284,3.249559,5.459021,2.209462
2063160,560,2064418.71,719,3.258120,5.459415,2.201295
320520,2411,323455.35,2530,3.265312,5.460081,2.194769
1957110,2700,1959425.12,2819,3.269416,5.458267,2.188851
1630920,659,1633627.52,778,3.273983,5.458065,2.184082
861150,2195,862930.98,2314,3.283289,5.458035,2.174746
736230,748,739609.93,867,3.297959,5.459141,2.161182
1523610,2208,1525905.24,2327,3.309366,5.458033,2.148667
1476180,20,1482424.79,139,3.324532,5.458479,2.133947
92970,361,98518.90,480,3.379620,5.459477,2.079857
2335380,2538,2340535.06,2657,3.383591,5.459406,2.075815
2479410,2532,2484138.88,2651,3.396173,5.458431,2.062258
1524630,1801,1525287.07,1920,3.413832,5.460024,2.046192
276420,2479,277024.08,2598,3.429691,5.458626,2.028935
413490,1282,416315.58,1401,3.433101,5.458899,2.025798
1845270,162,1846411.80,281,3.453080,5.458298,2.005218
2395470,359,2398024.73,478,3.485604,5.458079,1.972475
2274000,1647,2282415.91,1766,3.492351,5.459594,1.967243
2274000,1647,2281804.36,1766,3.492351,5.459594,1.967243
462390,2660,465515.28,2779,3.506747,5.458277,1.951530
1435440,1704,1438774.48,1823,3.507651,5.460851,1.953200
2103450,2358,2109119.92,2477,3.510027,5.458824,1.948797
387360,2864,390914.97,2983,3.520332,5.461021,1.940689
288750,2073,293075.46,2192,3.530121,5.458766,1.928645
226590,2547,229804.75,2666,3.536991,5.458165,1.921174
1847760,2024,1848700.20,2143,3.547768,5.458694,1.910926
499080,1924,500065.78,2043,3.553131,5.458259,1.905128
1724220,1647,1729771.99,1766,3.571416,5.459594,1.888178
436080,2004,438774.74,2123,3.580514,5.458291,1.877777
86610,1645,87044.52,1764,3.584096,5.458243,1.874147
1018620,2615,1024225.31,2734,3.585101,5.459518,1.874417
294420,274,294750.50,393,3.585643,5.460922,1.875279
865710,2603,868679.59,2722,3.587839,5.459160,1.871321
1631610,1174,1633965.71,1293,3.617121,5.458391,1.841270
969270,1640,974328.71,1799,3.620772,5.458245,1.837473
969270,1640,973189.97,1799,3.620772,5.458245,1.837473
1490610,639,1493417.86,758,3.628748,5.458746,1.829998
584580,1327,586244.23,1446,3.634367,5.458930,1.824563
2406210,284,2408615.48,403,3.637120,5.459778,1.822658
2070300,990,2072930.90,1109,3.637453,5.458933,1.821480
1699590,1739,1701071.16,1858,3.646000,5.458078,1.812078
352650,1147,357954.67,1266,3.654387,5.459921,1.805534
525390,2580,528850.10,2699,3.664045,5.460189,1.796144
854310,1483,854694.35,1602,3.670984,5.458565,1.787581
2418660,477,2420190.77,596,3.671963,5.458346,1.786383
1550580,1020,1553228.88,1139,3.673904,5.458047,1.784143
1356060,2978,1358855.98,98,3.707357,5.458418,1.751061
2427480,1655,2432394.55,1774,3.719247,5.458519,1.739272
2395710,1357,2398495.27,1476,3.720486,5.458173,1.737687
1493280,1700,1498665.07,1819,3.721556,5.461710,1.740154
370080,1905,373633.90,2024,3.736032,5.458107,1.722075
2042970,661,2043661.30,780,3.737145,5.458131,1.720986
510780,2682,510835.43,2801,3.741425,5.459408,1.717983
343650,690,345893.56,809,3.747698,5.458906,1.711208
1415940,2280,1418485.77,2439,3.751477,5.458947,1.707470
1843320,2055,1846049.55,2174,3.766110,5.458666,1.692556
797850,2557,799580.22,2676,3.777988,5.458744,1.680756
224310,2283,226680.56,2402,3.793752,5.458264,1.664512
2112810,1173,2113483.69,1292,3.798651,5.458658,1.660007
103920,1924,106650.65,2043,3.807378,5.458259,1.650881
214560,2671,220848.59,2790,3.812060,5.458192,1.646132
2027520,329,2030900.43,448,3.812376,5.458665,1.646289
796140,2409,796454.90,2528,3.840595,5.458071,1.617476
255630,105,258594.19,224,3.842658,5.459771,1.617113
2139930,2943,2140350.15,63,3.850851,5.458223,1.607372
425880,2715,428355.02,2834,3.851209,5.458287,1.607078
22170,1895,30245.47,2014,3.855192,5.458868,1.603676
1261350,1500,1261706.24,1619,3.867849,5.459052,1.591203
1730430,524,1737645.10,643,3.870528,5.458915,1.588387
2171160,2525,2175140.35,2644,3.872691,5.458903,1.586212
81900,1398,86976.71,1517,3.874743,5.458407,1.583664
310950,1958,314165.67,2077,3.878982,5.458179,1.579197
1677210,2655,1682790.31,2774,3.884647,5.458729,1.574082
405480,1138,410915.33,1257,3.886907,5.458847,1.571940
1027500,2553,1033479.96,2672,3.890080,5.459633,1.569553
27900,1895,30245.47,2014,3.898725,5.458868,1.560143
2093130,2550,2095739.37,2669,3.900999,5.458840,1.557841
2414490,866,2420348.98,985,3.904277,5.459121,1.554844
131070,95,131278.36,214,3.907717,5.458318,1.550601
107670,1338,113270.08,1457,3.913219,5.460580,1.547361
923250,2961,925814.32,81,3.915385,5.459242,1.543857
2341080,99,2343585.42,218,3.916951,5.458921,1.541970
2416980,2688,2423466.33,2807,3.925528,5.458448,1.532920
347490,1303,354094.84,1422,3.928876,5.458434,1.529558
711450,921,717326.43,1040,3.933751,5.459143,1.525392
2177580,1,2179233.71,120,3.946784,5.459182,1.512398
985770,965,987904.55,1084,3.949270,5.458745,1.509475
1981500,1650,1985090.33,1769,3.951762,5.460321,1.508559
2370030,2456,2378414.50,2575,3.952144,5.458637,1.506493
1499370,98,1506151.25,217,3.952550,5.458166,1.505616
1354890,507,1360770.10,626,3.955292,5.458871,1.503579
472710,2468,475805.78,2587,3.956288,5.458132,1.501844
11280,2091,17300.64,2210,3.958039,5.458726,1.500687
549540,532,552503.65,651,3.958572,5.458440,1.499868
2500140,128,2500153.43,247,3.966988,5.460137,1.493149
1596030,2662,1596379.25,2781,3.976665,5.458248,1.481583
496800,1700,504694.64,1819,3.983972,5.461710,1.477738
1704360,746,1704364.08,865,3.991349,5.459666,1.468317
2015190,695,2018089.45,814,4.002612,5.458730,1.456118
360540,812,361134.46,931,4.009326,5.459525,1.450199
1854270,619,1858130.27,738,4.020860,5.458753,1.437893
1299660,2772,1304755.07,2891,4.020957,5.458478,1.437521
457800,2892,458103.97,12,4.023887,5.460491,1.436604
820170,2841,821860.06,2960,4.031434,5.458775,1.427341
1981920,1847,1985299.84,1966,4.032133,5.459299,1.427166
2416260,2733,2422471.51,2852,4.034400,5.459248,1.424848
458700,1966,461760.10,2085,4.035746,5.458332,1.422586
1252020,2025,1257320.45,2144,4.046648,5.459007,1.412359
36660,1314,42175.74,1433,4.046844,5.458429,1.411585
1971300,2401,1974260.21,2520,4.049162,5.458306,1.409144
1963740,1774,1968715.07,1893,4.053034,5.458119,1.405085
920010,1864,924654.54,1983,4.056401,5.458220,1.401819
2525670,2169,2531699.84,2288,4.057059,5.458848,1.401789
375450,428,379060.88,547,4.059366,5.459258,1.399892
949590,58,952319.04,177,4.075452,5.458192,1.382740
32250,705,32279.89,824,4.076032,5.458819,1.382787
685050,2145,687444.82,2264,4.077042,5.459914,1.382872
582090,2524,582749.97,2643,4.088765,5.458236,1.369471
2197080,2384,2200209.70,2503,4.098531,5.458112,1.359581
2441250,1159,2444299.70,1278,4.099272,5.458337,1.359065
1352760,122,1360455.14,241,4.101043,5.458281,1.357238
170100,1262,173335.74,1381,4.105464,5.458882,1.353418
1396890,2413,1396944.57,2532,4.105492,5.458084,1.352592
1596810,1337,1599245.17,1456,4.118837,5.458606,1.339769
611610,1978,613954.58,2097,4.121970,5.459116,1.337146
1442970,2891,1444464.67,11,4.123407,5.458831,1.335424
1024920,2611,1028779.37,2730,4.125189,5.458078,1.332889
1795230,1751,1800654.98,1870,4.126834,5.458276,1.331442
757920,2276,764416.14,2395,4.140139,5.460556,1.320417
2068860,1120,2070313.71,1279,4.142099,5.458697,1.316598
2197770,2939,2200681.36,59,4.149172,5.458178,1.309006
2037240,661,2043661.30,780,4.153114,5.458131,1.305017
2520360,2486,2526280.86,2605,4.164333,5.460246,1.295913
107970,1056,111756.22,1175,4.164772,5.458996,1.294224
2578140,723,2582521.59,842,4.168668,5.459276,1.290608
875130,258,882491.37,377,4.181488,5.458924,1.277436
1492470,706,1498920.65,825,4.188039,5.460157,1.272118
934740,2161,940184.18,2280,4.200357,5.459737,1.259380
1319820,352,1326614.50,471,4.203303,5.459870,1.256567
1647120,226,1651733.50,345,4.205530,5.458241,1.252711
141990,2218,147809.82,2337,4.214186,5.458774,1.244588
2043810,975,2046565.29,1094,4.214683,5.458266,1.243583
995700,2895,999049.31,15,4.215084,5.458296,1.243212
2245110,1009,2245500.77,1128,4.217528,5.458765,1.241237
85350,1094,91329.27,1213,4.218564,5.459857,1.241293
837240,2202,841524.74,2321,4.219957,5.458677,1.238720
1479060,2679,1486181.36,2798,4.224764,5.459146,1.234382
595980,2487,603730.81,2606,4.224795,5.458035,1.233240
1346250,1487,1346405.22,1606,4.225959,5.458697,1.232738
1464150,104,1472605.14,223,4.234391,5.458148,1.223757
1484790,2679,1486181.36,2798,4.243506,5.459146,1.215640
2439720,210,2440690.86,329,4.246909,5.458804,1.211895
76170,1438,80399.60,1557,4.263323,5.460197,1.196874
2024640,749,2027615.15,868,4.276014,5.458153,1.182139
1221690,1557,1223940.29,1676,4.280417,5.458587,1.178170
1108800,26,1109060.14,145,4.281843,5.458305,1.176462
1904640,1187,1912538.61,1306,4.285109,5.458599,1.173490
898110,1797,898340.43,1916,4.285866,5.458979,1.173113
714360,2980,720149.62,100,4.286923,5.459563,1.172640
2387610,94,2390510.06,213,4.287952,5.458689,1.170737
940260,483,943280.25,602,4.290150,5.458678,1.168528
2565630,1890,2567520.14,2009,4.301531,5.459055,1.157524
100650,1507,105820.65,1626,4.302931,5.460657,1.157726
1638690,2804,1641835.64,2923,4.304720,5.458273,1.153553
720090,2980,720149.62,100,4.304885,5.459563,1.154678
1894800,336,1902564.95,455,4.305500,5.458715,1.153215
28050,1694,30804.95,1813,4.305720,5.458333,1.152613
1922550,822,1925335.97,941,4.310165,5.459353,1.149188
1274280,590,1276990.38,709,4.311376,5.458343,1.146967
1109700,2179,1117659.89,2298,4.311965,5.458166,1.146201
1148970,1345,1156458.14,1464,4.316427,5.458462,1.142035
2411100,2849,2412723.43,2968,4.318055,5.458067,1.140012
332760,886,336584.72,1005,4.319626,5.459015,1.139389
2049030,2658,2051825.06,2777,4.323522,5.458514,1.134992
1381680,120,1384359.99,279,4.331970,5.458964,1.126994
1790040,2467,1790999.11,2586,4.331971,5.458140,1.126169
2153520,169,2160294.63,288,4.333255,5.458349,1.125094
1443030,1651,1448344.80,1770,4.341068,5.460488,1.119420
1710120,46,1711949.92,165,4.341240,5.458871,1.117631
1987230,1570,1987409.94,1689,4.341942,5.458327,1.116385
847260,2212,849644.20,2331,4.345590,5.458422,1.112832
2421990,2733,2422471.51,2852,4.350638,5.459248,1.108610
1003920,1678,1012333.57,1797,4.355400,5.458357,1.102957
108210,2054,116269.95,2173,4.370889,5.459192,1.088303
1654380,1095,1656795.88,1214,4.374745,5.459316,1.084571
2397750,583,2397810.77,702,4.383349,5.458361,1.075012
2411190,929,2412570.44,1048,4.384522,5.458909,1.074387
1525830,693,1525989.49,812,4.389385,5.460404,1.071019
968820,2123,970295.67,2242,4.390604,5.459056,1.068452
1400250,1030,1401905.71,1149,4.391649,5.458430,1.066781
1284060,2621,1284165.14,2740,4.393882,5.458641,1.064759
810480,1909,814035.01,2028,4.401004,5.458567,1.057563
1197840,324,1202805.39,443,4.403496,5.458770,1.055274
1033230,2553,1033479.96,2672,4.407787,5.459633,1.051846
1908690,319,1916994.88,438,4.407980,5.458210,1.050230
1093470,173,1097323.52,292,4.415534,5.458457,1.042923
2436900,2309,2442164.32,2428,4.415953,5.459190,1.043237
1667100,1526,1667134.41,1645,4.418004,5.459582,1.041578
558540,1029,563354.48,1148,4.422032,5.459181,1.037149
2062050,2847,2064744.57,2966,4.428288,5.458340,1.030052
660,2565,6080.52,2684,4.437066,5.458110,1.021044
166770,1965,169309.38,2084,4.446504,5.458271,1.011767
459450,1281,463869.74,1400,4.447075,5.459321,1.012246
1034970,2061,1043000.97,2180,4.450859,5.458293,1.007434
503040,2936,512114.44,56,4.451150,5.459945,1.008795
818070,1856,819478.84,1975,4.453497,5.458746,1.005249
600570,2295,602759.68,2414,4.453560,5.458730,1.005170
1001910,1772,1007880.09,1891,4.454399,5.458300,1.003901
1325550,352,1326614.50,471,4.454463,5.459870,1.005407
1900860,2373,1901405.37,2492,4.454621,5.459252,1.004631
1525380,1116,1533585.23,1235,4.468994,5.458523,0.989529
336270,2381,338524.58,2500,4.469731,5.458741,0.989010
1725870,116,1729430.62,235,4.470170,5.458090,0.987920
659460,1364,664845.42,1483,4.472762,5.458650,0.985888
953640,2189,954331.02,2308,4.472800,5.458488,0.985688
505260,1441,511814.07,1560,4.473988,5.458304,0.984316
844770,430,845835.00,549,4.474361,5.459316,0.984955
2428110,451,2436549.65,570,4.474489,5.458104,0.983615
2319450,290,2321714.79,409,4.480932,5.459126,0.978194
1854840,655,1861736.29,774,4.482821,5.458557,0.975736
700950,1994,706320.04,2113,4.484735,5.458339,0.973604
282120,2999,284435.47,119,4.485299,5.458941,0.973642
2525730,969,2530539.95,1088,4.486602,5.458303,0.971701
1906740,2092,1909657.29,2211,4.491784,5.459862,0.968078
758760,2670,767349.44,2789,4.496596,5.460336,0.963740
1797990,892,1803524.72,1011,4.500133,5.459118,0.958985
1535490,2245,1538265.52,2364,4.504622,5.458286,0.953664
1313460,1616,1314989.70,1735,4.507243,5.458236,0.950993
30030,2240,35436.47,2399,4.508281,5.458683,0.950402
1208010,213,1210394.62,332,4.512471,5.458678,0.946207
493320,2604,501134.44,2723,4.518868,5.460578,0.941710
915900,1013,916969.21,1132,4.519505,5.458128,0.938623
845190,587,848594.79,706,4.530564,5.462128,0.931564
1417920,2826,1420365.23,2945,4.534296,5.460056,0.925760
790770,967,794264.07,1086,4.534526,5.458036,0.923510
968010,1069,968409.92,1188,4.535017,5.461547,0.926530
2225730,2064,2229160.32,2183,4.535646,5.458257,0.922611
2183520,1559,2183765.24,1678,4.536869,5.459299,0.922430
1211850,746,1213287.39,865,4.539937,5.459666,0.919729
335790,465,337479.92,584,4.543093,5.458629,0.915536
508500,2498,510828.55,2617,4.544380,5.462860,0.918480
86310,1887,91819.38,2006,4.545721,5.458146,0.912425
2586870,862,2589129.02,981,4.549239,5.459782,0.910543
373410,1162,378454.55,1281,4.549679,5.458541,0.908862
880860,258,882491.37,377,4.552803,5.458924,0.906121
1475280,866,1480879.96,985,4.554630,5.459121,0.904491
2374170,2707,2382838.57,2826,4.558177,5.459673,0.901496
946440,80,952006.20,239,4.565421,5.458095,0.892674
1941450,850,1946654.33,969,4.565900,5.459526,0.893626
291690,533,296959.97,652,4.573512,5.459352,0.885840
256260,1820,257113.61,1939,4.584867,5.459023,0.874156
988830,2783,991314.80,2902,4.586836,5.458707,0.871871
555960,1067,556370.50,1186,4.590674,5.458115,0.867441
1550070,2743,1551794.30,2862,4.591943,5.458103,0.866160
1701690,2724,1704994.59,2843,4.595087,5.460234,0.865147
1594170,2675,1599849.66,2794,4.595200,5.458303,0.863103
161820,720,162409.46,879,4.598172,5.459104,0.860932
1358940,2678,1360374.44,2797,4.601242,5.458133,0.856891
785040,967,794264.07,1086,4.601274,5.458036,0.856762
1093920,2809,1095554.53,2928,4.608673,5.458320,0.849647
2130600,449,2136644.82,568,4.609127,5.458570,0.849443
2483250,66,2485190.85,185,4.609354,5.458641,0.849287
219480,1557,225614.91,1676,4.619756,5.458587,0.838831
492480,2210,497144.36,2329,4.621803,5.461816,0.840013
1916400,745,1922789.80,864,4.623266,5.458343,0.835077
2433990,210,2440690.86,329,4.624169,5.458804,0.834635
566370,1934,574604.97,2053,4.624355,5.458991,0.834636
2185230,1747,2193875.03,1866,4.624988,5.458377,0.833389
1130730,2552,1135039.89,2671,4.627120,5.458082,0.830962
1451100,595,1456770.00,714,4.632298,5.458320,0.826022
1507530,81,1508744.89,200,4.635083,5.459304,0.824221
1450500,1159,1450899.88,1278,4.638914,5.458337,0.819423
691200,2302,695804.48,2421,4.640709,5.458100,0.817391
898830,1692,903814.60,1811,4.644112,5.458783,0.814671
402870,1836,405201.06,1955,4.644964,5.460049,0.815085
10770,735,17655.07,854,4.646612,5.458715,0.812103
319590,898,327399.20,1017,4.647658,5.459285,0.811627
1847280,108,1850929.58,227,4.648810,5.458054,0.809244
2163810,577,2167104.68,696,4.648950,5.458715,0.809765
2531400,2169,2531699.84,2288,4.657210,5.458848,0.801638
269250,2649,274800.39,2768,4.658428,5.458682,0.800254
605820,339,610198.96,458,4.659233,5.458719,0.799486
2157780,939,2160260.17,1058,4.664331,5.458461,0.794130
294930,1590,300430.47,1709,4.670196,5.458474,0.788278
2021820,2728,2024604.39,2847,4.673180,5.458626,0.785446
2063280,1079,2066994.86,1198,4.677008,5.458445,0.781437
772170,657,777819.44,776,4.678112,5.458772,0.780660
231420,394,235270.63,513,4.678878,5.459021,0.780143
813810,1166,821340.04,1285,4.680685,5.458421,0.777736
1089660,2079,1090304.87,2198,4.683753,5.459813,0.776060
1394790,1468,1404369.33,1587,4.687535,5.458350,0.770815
2161950,550,2167804.35,669,4.689042,5.458585,0.769543
1536810,1596,1541374.43,1715,4.693171,5.458779,0.765608
996120,93,1004745.06,212,4.693381,5.458539,0.765158
2003700,1415,2007105.59,1534,4.694988,5.458485,0.763497
1130580,2633,1136140.85,2752,4.706323,5.459013,0.752690
1604700,1042,1612561.45,1161,4.707098,5.459399,0.752301
1841880,2265,1845094.88,2384,4.715330,5.458327,0.742997
1425540,2153,1427230.34,2272,4.715547,5.458611,0.743064
1044780,433,1049123.54,552,4.716031,5.459329,0.743298
1925670,1480,1929015.62,1639,4.716278,5.458491,0.742213
38010,25,43899.16,144,4.717123,5.458375,0.741252
125340,95,131278.36,214,4.720037,5.458318,0.738281
125760,332,134228.78,451,4.726428,5.458373,0.731945
223230,931,227300.06,1050,4.727014,5.458306,0.731292
1905540,301,1911280.87,420,4.732500,5.458047,0.725547
655740,1270,658509.82,1389,4.735263,5.458413,0.723150
1261350,1440,1263663.65,1599,4.735361,5.458450,0.723089
552120,554,555524.69,673,4.737950,5.458224,0.720274
1182930,708,1185914.94,827,4.738152,5.458416,0.720264
2073870,1165,2073880.83,1284,4.739390,5.459497,0.720107
1307010,1761,1313226.13,1880,4.741027,5.458419,0.717392
1161330,299,1167839.36,418,4.741266,5.462323,0.721057
2553090,618,2555494.17,737,4.741454,5.458282,0.716828
1647150,2585,1651591.12,2704,4.741533,5.458523,0.716990
1507380,242,1515849.53,361,4.749792,5.458261,0.708469
2138310,915,2140090.01,1034,4.754645,5.460166,0.705521
1749480,351,1752644.62,470,4.757984,5.459418,0.701434
1554840,1790,1560614.68,1909,4.759389,5.459178,0.699789
2223210,882,2229749.13,1001,4.761272,5.458151,0.696879
1517880,2208,1525905.24,2327,4.766482,5.458033,0.691551
1008810,1164,1013410.29,1283,4.766856,5.458279,0.691423
157710,2868,158231.14,2987,4.766946,5.458728,0.691782
334440,1754,341821.36,1873,4.767768,5.458330,0.690562
2162910,1383,2167215.13,1502,4.770574,5.459685,0.689111
761700,1090,767235.07,1209,4.776825,5.458222,0.681397
325290,1498,328844.00,1617,4.777325,5.458168,0.680843
198900,821,201035.89,940,4.777419,5.458602,0.681183
956580,569,958490.51,688,4.778180,5.458443,0.680263
1333950,1293,1340694.03,1412,4.778463,5.458874,0.680411
244440,543,253080.21,662,4.782638,5.458182,0.675544
319560,1498,328844.00,1617,4.784975,5.458168,0.673193
80760,1246,86230.23,1365,4.785718,5.458383,0.672665
433530,1462,435255.06,1581,4.787898,5.458940,0.671042
1643490,1211,1643709.65,1330,4.788288,5.458169,0.669881
1591410,535,1598250.45,654,4.789762,5.458337,0.668575
260100,2433,262149.84,2552,4.792583,5.458038,0.665455
2519640,2571,2528466.11,2690,4.793148,5.458209,0.665061
2106720,2815,2113979.45,2934,4.795034,5.458629,0.663595
455940,2865,458904.89,2984,4.801847,5.458423,0.656576
117150,752,126194.22,871,4.802809,5.458365,0.655556
1119360,732,1119495.06,851,4.802927,5.458453,0.655526
233340,2180,235655.30,2299,4.803205,5.458127,0.654922
1776750,1960,1783034.99,2119,4.804024,5.459353,0.655329
1492080,2828,1495680.61,2947,4.805815,5.458799,0.652984
2121360,1993,2124366.22,2112,4.806113,5.458322,0.652209
194190,454,199290.34,573,4.806944,5.458958,0.652014
1520400,471,1524550.52,590,4.814623,5.460047,0.645424
268140,1937,273394.70,2056,4.814963,5.458841,0.643878
2002380,2104,2007973.28,2223,4.816035,5.461787,0.645752
1271340,2170,1278740.45,2289,4.818772,5.459798,0.641026
565380,1701,567560.65,1820,4.822166,5.458635,0.636469
786930,394,792215.49,513,4.822971,5.459021,0.636050
2581140,862,2589129.02,981,4.823384,5.459782,0.636398
2450610,2933,2453150.28,53,4.825418,5.458319,0.632901
7140,1840,14604.30,1999,4.826779,5.458467,0.631688
1481910,20,1482424.79,139,4.827207,5.458479,0.631272
136860,1774,142169.45,1893,4.832813,5.458119,0.625306
2446170,5,2453904.70,124,4.833872,5.458400,0.624528
2544720,2036,2553875.00,2155,4.834059,5.458102,0.624043
1107780,433,1114234.60,552,4.836842,5.459329,0.622487
1193130,37,1194790.34,156,4.837108,5.460890,0.623782
514800,2534,514914.89,2653,4.839743,5.458244,0.618501
2136390,2128,2144992.09,2247,4.840182,5.458300,0.618118
2122260,1147,2127043.78,1266,4.841227,5.459921,0.618694
393930,219,400955.56,338,4.841634,5.458138,0.616504
2191200,2625,2196605.21,2744,4.851044,5.458196,0.607152
537660,495,537864.73,614,4.851740,5.459160,0.607420
1374120,2532,1379749.61,2651,4.854076,5.458431,0.604355
673770,1464,677298.90,1583,4.854438,5.458295,0.603857
607770,1485,613185.55,1604,4.856573,5.458173,0.601600
1530510,1560,1530974.72,1719,4.856986,5.459528,0.602542
2154480,1042,2160540.86,1161,4.858396,5.459399,0.601003
2412630,799,2417160.62,918,4.865795,5.460634,0.594839
2024880,1667,2033684.95,1786,4.866486,5.458498,0.592012
30240,839,34125.00,958,4.868780,5.458190,0.589410
1522950,1053,1527759.81,1172,4.868814,5.458202,0.589388
493350,1924,500065.78,2043,4.868962,5.458259,0.589297
1427250,2281,1432359.98,2400,4.870016,5.458589,0.588573
1732950,1706,1739043.16,1825,4.871096,5.458097,0.587001
1757490,455,1759960.72,574,4.872524,5.458601,0.586077
501210,2269,501275.07,2388,4.873602,5.458070,0.584468
1653330,2062,1657500.44,2181,4.873683,5.458143,0.584460
1762620,1059,1765730.98,1178,4.875953,5.459615,0.583662
1560570,1790,1560614.68,1909,4.875974,5.459178,0.583204
1777950,792,1779666.50,911,4.878100,5.458120,0.580020
2397000,1308,2398692.44,1427,4.878891,5.458945,0.580054
818430,374,823940.05,493,4.886487,5.458850,0.572363
2398740,856,2408834.33,975,4.888680,5.458259,0.569579
1965570,2401,1974260.21,2520,4.888749,5.458306,0.569557
1060920,1280,1062564.80,1439,4.891010,5.458354,0.567344
1574220,695,1577810.17,814,4.893966,5.458730,0.564764
1932690,1431,1938584.25,1550,4.899452,5.458107,0.558655
547530,666,550865.11,785,4.904653,5.458676,0.554023
958560,1115,968523.63,1234,4.905057,5.458297,0.553240
1904940,905,1907529.46,1024,4.906118,5.458075,0.551957
1427880,1117,1432099.98,1236,4.908106,5.458231,0.550125
37710,307,45604.88,426,4.909722,5.458144,0.548422
386550,1830,395924.61,1949,4.911602,5.458423,0.546821
1207170,2778,1215424.02,2897,4.916271,5.458401,0.542130
340050,1175,344227.39,1294,4.916984,5.460030,0.543046
1387530,599,1392280.10,718,4.917230,5.459456,0.542226
2334360,2905,2342604.61,25,4.918199,5.459628,0.541429
1288500,2610,1298438.35,2729,4.921804,5.458416,0.536612
580470,476,585200.17,595,4.921993,5.458750,0.536757
2435700,438,2443004.87,557,4.923294,5.458159,0.534865
149880,1923,150570.47,2042,4.923530,5.460687,0.537157
903660,2498,906984.95,2617,4.923592,5.462860,0.539268
345330,1518,348819.80,1637,4.923723,5.459366,0.535643
1564320,1164,1570294.74,1283,4.924361,5.458279,0.533918
1480200,2831,1480661.38,2950,4.925438,5.458529,0.533091
2085360,365,2091910.54,484,4.927558,5.460018,0.532460
1435920,621,1444285.55,740,4.928023,5.458246,0.530223
1505100,98,1506151.25,217,4.928619,5.458166,0.529547
2550210,1038,2553065.09,1157,4.929390,5.458678,0.529288
2050050,2251,2054469.36,2370,4.930605,5.459340,0.528735
2404470,856,2408834.33,975,4.932597,5.458259,0.525662
1260630,1565,1266054.06,1684,4.936747,5.458409,0.521662
1295790,2919,1299358.87,39,4.937192,5.459307,0.522115
2066250,1818,2070815.49,1937,4.938140,5.459152,0.521012
1437840,2367,1440570.39,2486,4.940493,5.459348,0.518855
2179440,68,2187635.17,187,4.940900,5.459703,0.518803
1891350,640,1895870.82,799,4.941113,5.461515,0.520402
1973580,2625,1983365.33,2744,4.947228,5.458196,0.510968
1338630,2220,1340865.09,2339,4.947402,5.459115,0.511713
1755180,951,1762655.19,1070,4.952875,5.459872,0.506997
2195160,658,2195213.26,777,4.953354,5.458374,0.505020
905820,2203,908929.75,2322,4.957300,5.458270,0.500970
1747170,767,1753435.47,886,4.957384,5.459341,0.501957
1588860,2952,1596580.18,72,4.959081,5.458172,0.499091
1833360,725,1838884.38,844,4.959372,5.458190,0.498818
181110,1545,189144.68,1664,4.960024,5.459253,0.499229
2573310,2956,2581170.68,76,4.960587,5.458421,0.497834
664920,966,667074.51,1085,4.962372,5.459235,0.496863
664920,966,669659.64,1085,4.962372,5.459235,0.496863
2264100,2076,2272530.66,2195,4.962499,5.458711,0.496212
2568540,950,2570255.25,1069,4.962665,5.459648,0.496983
1856160,2925,1857430.76,45,4.963947,5.458750,0.494803
1840470,1795,1843244.46,1914,4.969195,5.459365,0.490170
1297200,350,1298679.83,469,4.971981,5.458542,0.486561
1592700,446,1592930.28,565,4.973453,5.458918,0.485465
296100,1062,300334.93,1181,4.973581,5.458352,0.484771
1373910,974,1380460.49,1093,4.973840,5.458676,0.484836
2540970,2622,2549664.11,2741,4.975620,5.458194,0.482574
1738680,1706,1739043.16,1825,4.977990,5.458097,0.480107
893700,1168,902187.04,1287,4.982615,5.458252,0.475637
61170,743,66850.12,862,4.983461,5.459386,0.475925
2151090,106,2155774.61,225,4.984589,5.461330,0.476741
2032920,1171,2034255.30,1290,4.985234,5.458227,0.472993
1859130,785,1861400.49,904,4.985662,5.459016,0.473354
732330,1455,737535.54,1574,4.985699,5.459004,0.473305
1699170,1582,1701941.97,1701,4.988887,5.461616,0.472729
227610,2180,235655.30,2299,4.989170,5.458127,0.468957
1468830,1031,1471680.30,1150,4.989574,5.459638,0.470064
1360620,507,1360770.10,626,4.990174,5.458871,0.468697
1835640,989,1838520.26,1108,4.990588,5.458280,0.467692
1699320,1421,1700375.17,1540,4.993926,5.458273,0.464347
1008600,2565,1008855.28,2684,4.995790,5.458110,0.462320
1523700,288,1529370.10,407,4.995800,5.459580,0.463780
1029840,1537,1039456.17,1656,4.996141,5.458873,0.462732
1698150,1849,1698343.66,1968,4.996166,5.459187,0.463021
1665300,259,1669609.54,378,4.998643,5.459529,0.460886
2226150,2301,2235094.07,2420,5.001635,5.463023,0.461388
1648650,1095,1656795.88,1214,5.003295,5.459316,0.456021
1062060,1432,1065104.57,1551,5.003340,5.458365,0.455025
741480,1711,746624.14,1830,5.003502,5.459170,0.455668
1322940,970,1332715.10,1089,5.003948,5.458528,0.454580
1644360,1005,1649550.55,1124,5.006843,5.458837,0.451994
1219020,496,1228764.96,615,5.008471,5.461222,0.452751
916380,2889,919889.88,9,5.008833,5.460455,0.451622
2057490,2359,2062191.02,2478,5.010571,5.458125,0.447554
1425060,217,1427685.25,336,5.013455,5.459160,0.445705
1298970,2257,1299415.25,2376,5.016657,5.458116,0.441459
1057350,1105,1060104.83,1224,5.016832,5.458841,0.442009
2027070,772,2037560.15,891,5.020006,5.458529,0.438523
1209330,2483,1212095.42,2602,5.020275,5.458630,0.438355
404430,2145,408868.90,2264,5.020787,5.459914,0.439127
2207610,751,2207705.68,870,5.023379,5.458379,0.435000
1186470,1523,1192325.30,1642,5.024007,5.458520,0.434513
2301600,2334,2309429.75,2453,5.025762,5.458279,0.432517
155460,2004,163670.66,2123,5.028290,5.458291,0.430001
1731630,2435,1737560.71,2554,5.028991,5.459217,0.430226
2348370,328,2349375.07,447,5.029492,5.458816,0.429324
1347600,298,1348485.04,417,5.030716,5.458653,0.427937
2438970,895,2442469.63,1014,5.033702,5.458409,0.424707
38460,2621,41924.54,2740,5.034772,5.458641,0.423869
2461560,1577,2468105.21,1696,5.038630,5.458228,0.419598
1910460,2226,1920960.13,2345,5.039608,5.458360,0.418752
1493040,782,1501612.73,901,5.040528,5.458059,0.417531
1448940,770,1451264.83,889,5.041233,5.458174,0.416941
2030610,1667,2033684.95,1786,5.043261,5.458498,0.415237
2056320,2847,2064744.57,2966,5.045009,5.458340,0.413331
545190,1702,545495.33,1821,5.050318,5.458050,0.407732
126360,2767,129339.42,2886,5.053437,5.458118,0.404681
1548900,272,1555044.37,391,5.054578,5.458160,0.403582
2263200,2962,2268585.43,82,5.055428,5.458630,0.403202
1945410,1862,1951284.68,1981,5.055585,5.458145,0.402560
1959300,1845,1964725.19,1964,5.055766,5.458682,0.402916
2000550,1517,2002765.56,1636,5.056876,5.458241,0.401365
1566690,2507,1572225.44,2626,5.059156,5.458173,0.399017
1081590,136,1083125.03,255,5.059277,5.458553,0.399276
1915200,1913,1917879.69,2032,5.059971,5.458522,0.398551
1639830,2956,1645370.14,76,5.060279,5.458421,0.398142
1131930,1344,1137935.12,1463,5.061676,5.459668,0.397992
1900530,336,1902564.95,455,5.061952,5.458715,0.396763
1451730,2350,1460510.18,2469,5.063891,5.458209,0.394318
1286580,864,1292173.88,983,5.065712,5.458141,0.392429
1528770,2052,1534859.52,2171,5.065912,5.458585,0.392673
843570,1598,852704.34,1717,5.066082,5.459006,0.392924
614610,2157,615593.98,2276,5.067292,5.462199,0.394907
1255170,2043,1262438.43,2162,5.068009,5.458495,0.390486
954210,2305,961530.95,2424,5.068140,5.459284,0.391144
1312560,2402,1317701.42,2521,5.070323,5.458109,0.387786
1096020,795,1097990.78,914,5.071974,5.458419,0.386445
1650300,2523,1658687.19,2642,5.072757,5.460844,0.388087
170430,300,172054.54,419,5.075217,5.458444,0.383227
338040,1289,343149.39,1408,5.078424,5.458101,0.379677
113940,2054,116269.95,2173,5.079001,5.459192,0.380191
1212900,2778,1215424.02,2897,5.081516,5.458401,0.376885
193560,1698,201380.89,1817,5.082133,5.458257,0.376124
1942980,1799,1943225.48,1918,5.082595,5.459298,0.376703
141450,1582,149964.54,1701,5.084457,5.461616,0.377159
1779900,1898,1787105.36,2017,5.084948,5.458337,0.373389
1643070,1094,1648605.61,1213,5.085506,5.459857,0.374351
1960890,1474,1965140.10,1593,5.087972,5.458561,0.370589
806700,136,814424.32,255,5.087986,5.458553,0.370567
2560620,1805,2561775.09,1924,5.090501,5.458127,0.367626
2560620,1805,2571504.26,1924,5.090501,5.458127,0.367626
1566810,2986,1568765.71,106,5.091045,5.458428,0.367383
1202580,2970,1211194.50,90,5.094001,5.459633,0.365632
1299270,1975,1307579.59,2094,5.094409,5.459835,0.365426
1283550,1325,1284189.23,1444,5.094890,5.458320,0.363430
544590,2246,548688.96,2365,5.095418,5.458506,0.363088
1865310,262,1871080.29,381,5.098473,5.458330,0.359857
338760,1184,339140.02,1303,5.102944,5.458310,0.355366
175320,2865,178115.01,2984,5.103799,5.458423,0.354624
1742310,561,1750970.53,680,5.105662,5.458875,0.353213
762060,2487,768335.76,2606,5.106198,5.458035,0.351837
2238030,2338,2244384.41,2457,5.106443,5.458790,0.352347
1435530,2863,1436194.11,2982,5.107636,5.459102,0.351466
1821210,290,1826062.23,409,5.107774,5.459126,0.351352
1994460,0,1999060.15,159,5.111375,5.458959,0.347584
225210,1557,225614.91,1676,5.111650,5.458587,0.346937
459990,2037,462820.07,2156,5.111664,5.458436,0.346772
1427670,2518,1432940.73,2637,5.115166,5.458263,0.343097
877500,1641,882470.29,1760,5.115532,5.458193,0.342661
595170,1413,598705.12,1532,5.115821,5.459854,0.344033
1295790,2879,1305069.01,2998,5.115829,5.462899,0.347070
1715190,1870,1723644.41,1989,5.115970,5.458366,0.342396
2354160,1967,2359625.36,2086,5.116932,5.458509,0.341577
562680,1240,570709.47,1399,5.117413,5.459686,0.342273
1415850,1161,1424574.95,1280,5.117504,5.459132,0.341628
2260830,1619,2267949.79,1738,5.118946,5.459517,0.340571
250170,543,253080.21,662,5.119264,5.458182,0.338918
1173540,2453,1181344.62,2572,5.119845,5.459209,0.339364
528720,1797,530524.36,1916,5.120418,5.458979,0.338561
1997280,1060,1999899.23,1179,5.121219,5.458376,0.337157
1926840,952,1934088.49,1071,5.121625,5.458884,0.337259
1725030,2661,1725109.21,2780,5.128591,5.458830,0.330239
1758690,2366,1767545.56,2485,5.132552,5.458970,0.326418
115320,85,117915.70,204,5.133090,5.458464,0.325374
193170,821,201035.89,940,5.133435,5.458602,0.325167
1602360,2098,1602725.47,2217,5.137725,5.459269,0.321544
1167060,299,1167839.36,418,5.138754,5.462323,0.323569
1882170,984,1890359.94,1103,5.138999,5.458637,0.319638
2004990,1446,2008495.43,1565,5.139683,5.458185,0.318502
567210,2328,575284.04,2447,5.141603,5.459291,0.317688
257130,1654,262354.19,1773,5.142320,5.458454,0.316134
1005930,1504,1008899.67,1623,5.144661,5.459275,0.314614
1294230,2610,1298438.35,2729,5.144671,5.458416,0.313745
2274330,725,2277345.59,844,5.144694,5.458190,0.313496
1846440,2713,1850339.82,2832,5.145300,5.458399,0.313099
507450,546,513950.15,665,5.147060,5.459271,0.312211
435780,2246,440554.63,2365,5.149734,5.458506,0.308772
1404600,2919,1408176.05,39,5.150132,5.459307,0.309175
727410,2569,733214.97,2688,5.152322,5.458116,0.305794
2243760,2338,2244384.41,2457,5.152585,5.458790,0.306205
2032800,772,2037560.15,891,5.152857,5.458529,0.305672
732060,1137,736834.59,1256,5.157378,5.459559,0.302181
1790580,184,1790681.09,303,5.159473,5.458882,0.299409
1853490,1984,1856438.59,2103,5.161982,5.458204,0.296222
775320,675,784504.83,794,5.162426,5.459096,0.296670
2018910,749,2027615.15,868,5.162486,5.458153,0.295667
1638420,2486,1640921.17,2605,5.163730,5.460246,0.296516
1800270,1116,1808124.87,1235,5.164764,5.458523,0.293759
78480,1002,79684.38,1121,5.165386,5.458561,0.293175
2255790,2174,2261215.38,2293,5.165948,5.458654,0.292706
1683330,453,1688565.06,572,5.166732,5.459655,0.292923
776100,2349,780223.38,2468,5.166899,5.458588,0.291689
606150,2336,606291.09,2455,5.167618,5.458159,0.290541
1784490,1746,1787515.25,1865,5.168582,5.459026,0.290444
1339380,1495,1347414.82,1614,5.168916,5.458542,0.289626
1499910,774,1504055.33,893,5.170650,5.458195,0.287545
1171200,550,1177220.34,669,5.170694,5.458585,0.287891
1745100,2141,1747871.11,2260,5.170857,5.458296,0.287439
1989750,2792,1994265.26,2911,5.171901,5.460141,0.288240
2071290,1183,2074650.35,1302,5.172609,5.458893,0.286284
1160520,2244,1161078.75,2363,5.177279,5.458820,0.281541
346350,1191,346489.33,1310,5.177928,5.458389,0.280461
1990290,469,1990585.45,588,5.178421,5.458667,0.280246
470310,1685,470380.32,1804,5.179177,5.459943,0.280766
1287570,1137,1292960.53,1256,5.181003,5.459559,0.278556
1154550,1386,1163974.88,1505,5.184011,5.458624,0.274613
585900,758,593609.83,877,5.188191,5.459842,0.271651
1763580,1852,1771946.87,1971,5.189552,5.458152,0.268600
1755150,1591,1757964.25,1710,5.194900,5.458541,0.263641
1332090,1266,1339900.57,1385,5.198560,5.461580,0.263020
1814700,1735,1824184.58,1854,5.200143,5.458598,0.258455
2136750,566,2140069.76,685,5.203747,5.458456,0.254709
792720,2073,800225.64,2192,5.208877,5.458766,0.249889
1138620,2177,1148884.84,2296,5.208956,5.458988,0.250032
856920,845,857225.67,964,5.209432,5.458822,0.249390
164100,984,172755.28,1103,5.209514,5.458637,0.249123
2259210,2590,2261791.46,2709,5.209989,5.458514,0.248525
2433420,174,2443520.22,293,5.210120,5.458134,0.248014
955320,2977,964925.69,97,5.210430,5.458491,0.248061
947550,832,956410.46,951,5.210572,5.458477,0.247905
187620,140,192534.38,259,5.211181,5.459783,0.248602
2335350,99,2343585.42,218,5.211309,5.458921,0.247612
1223820,1902,1229914.36,2021,5.212246,5.458593,0.246347
1520550,350,1526535.82,469,5.212694,5.458542,0.245848
2424600,1975,2425327.48,2094,5.215736,5.459835,0.244099
588210,302,590725.70,421,5.216869,5.458923,0.242054
1334880,2806,1338030.69,2925,5.217343,5.458234,0.240891
1869360,2393,1874619.59,2512,5.217662,5.458366,0.240704
1512990,2682,1522230.95,2801,5.218350,5.459408,0.241058
2418900,1475,2429196.20,1594,5.219421,5.460416,0.240995
9300,1585,18475.21,1704,5.219670,5.458612,0.238942
1550640,2819,1560309.78,2938,5.220217,5.458679,0.238462
403710,2310,410325.09,2429,5.221983,5.458220,0.236237
1860450,96,1869305.07,215,5.222859,5.458155,0.235296
1758570,1847,1761784.38,1966,5.222905,5.459299,0.236394
455670,2507,464290.32,2626,5.224457,5.458173,0.233716
1280310,268,1282830.11,387,5.224824,5.458233,0.233409
1139490,1931,1148730.21,2050,5.225478,5.458131,0.232653
562830,1159,565795.55,1278,5.227956,5.458337,0.230381
380580,952,386599.75,1071,5.228392,5.458884,0.230492
2153340,930,2163888.69,1049,5.228533,5.458060,0.229527
812760,2173,821064.31,2292,5.229527,5.458770,0.229243
1505760,1213,1508860.44,1332,5.232626,5.462433,0.229807
1493430,1539,1494335.87,1658,5.234372,5.458491,0.224119
1950660,2905,1959185.93,25,5.234387,5.459628,0.225241
1977600,2437,1982299.02,2556,5.234878,5.458070,0.223192
632340,2633,639059.35,2752,5.235267,5.459013,0.223746
1269300,2944,1278415.21,64,5.235535,5.458535,0.223000
430350,2004,438774.74,2123,5.236595,5.458291,0.221696
2562810,950,2570255.25,1069,5.237557,5.459648,0.222091
2420310,1865,2421359.83,1984,5.239000,5.458436,0.219436
825450,245,834495.16,364,5.239382,5.458364,0.218982
2349300,1801,2350380.16,1920,5.246144,5.460024,0.213880
2064570,990,2072930.90,1109,5.250481,5.458933,0.208452
2138790,2871,2147251.02,2990,5.251809,5.459574,0.207765
454350,157,457590.35,276,5.252804,5.458102,0.205298
1359900,512,1360054.52,631,5.253422,5.458760,0.205338
2068140,1165,2073880.83,1284,5.254040,5.459497,0.205457
364980,781,369029.34,900,5.254450,5.461102,0.206652
427800,1462,435255.06,1581,5.254554,5.458940,0.204386
628860,538,639424.68,657,5.255549,5.459096,0.203547
891570,783,899149.69,902,5.256224,5.458838,0.202614
2013600,1066,2016246.24,1185,5.256722,5.458081,0.201359
786390,2717,796650.67,2836,5.259998,5.458227,0.198229
174510,1831,181454.70,1950,5.260533,5.459320,0.198787
457680,2373,465545.77,2492,5.260907,5.459252,0.198345
1774470,1656,1776749.90,1775,5.261815,5.458141,0.196326
2535540,2380,2536860.50,2499,5.264383,5.458033,0.193650
1656060,1843,1657634.75,1962,5.265276,5.458420,0.193144
1277070,2170,1278740.45,2289,5.265587,5.459798,0.194211
2438820,1056,2448789.93,1175,5.266834,5.458996,0.192162
946890,2636,956400.38,2755,5.268698,5.458619,0.189921
1871280,1180,1877594.60,1299,5.269630,5.458188,0.188558
1830810,223,1830880.33,342,5.270109,5.458046,0.187937
2022750,1282,2026189.70,1401,5.271709,5.458899,0.187190
347880,2140,357249.32,2259,5.272183,5.458360,0.186177
2019480,825,2025626.00,944,5.272579,5.458305,0.185726
2114100,1164,2123394.81,1283,5.273528,5.458279,0.184751
475950,566,483285.18,685,5.273586,5.458456,0.184870
2201550,1753,2208009.49,1872,5.274281,5.460097,0.185816
1576140,2481,1586834.75,2600,5.274759,5.458124,0.183365
1073610,2391,1077840.07,2510,5.275147,5.459222,0.184075
61980,1737,69738.49,1856,5.275642,5.458522,0.182880
2551140,2511,2562146.98,2630,5.275680,5.458210,0.182530
1200480,1985,1209649.37,2104,5.276781,5.459966,0.183185
1194300,2468,1204351.37,2587,5.278072,5.458132,0.180060
2512410,1022,2517044.62,1141,5.278668,5.458451,0.179783
2315730,276,2317164.85,395,5.280961,5.458040,0.177079
2164500,1052,2167534.81,1171,5.282696,5.459347,0.176651
134070,234,139075.84,353,5.283429,5.459923,0.176494
1877400,1937,1885120.16,2056,5.283432,5.458841,0.175409
2216070,492,2219435.69,611,5.285370,5.459250,0.173880
1555440,1226,1565715.00,1345,5.285402,5.458615,0.173213
2549130,2605,2558644.23,2724,5.285428,5.458317,0.172889
700710,1036,710639.78,1155,5.285505,5.458044,0.172539
2440980,761,2444049.33,880,5.285716,5.459324,0.173608
1047540,2653,1054965.46,2772,5.291038,5.459425,0.168387
1016130,833,1023370.10,952,5.291931,5.458426,0.166495
2020860,1955,2020944.99,2074,5.292818,5.458278,0.165460
364320,2625,369799.70,2744,5.293629,5.458196,0.164567
1575840,2763,1583048.71,2882,5.296527,5.459022,0.162495
2344290,1836,2345000.18,1955,5.296556,5.460049,0.163493
2005860,1200,2013880.88,1359,5.296886,5.458740,0.161854
2021610,1170,2030099.67,1289,5.297959,5.458234,0.160275
965580,1026,974459.03,1145,5.299609,5.458223,0.158614
2002650,2502,2012824.47,2621,5.299773,5.459050,0.159277
2238150,2857,2249051.16,2976,5.301250,5.458384,0.157134
95970,560,97288.96,719,5.301961,5.459415,0.157454
943320,2421,946713.79,2540,5.301980,5.458043,0.156063
737070,1142,746514.73,1261,5.302164,5.459350,0.157186
580470,516,591500.66,635,5.303329,5.458337,0.155008
516900,520,522240.94,679,5.307536,5.458729,0.151193
866160,2160,872857.64,2319,5.308040,5.461049,0.153009
136650,176,143699.76,295,5.309256,5.458128,0.148872
2379900,2707,2382838.57,2826,5.310614,5.459673,0.149059
1301520,2879,1305069.01,2998,5.311181,5.462899,0.151718
859500,767,870595.44,886,5.311457,5.459341,0.147884
17010,2091,17300.64,2210,5.315021,5.458726,0.143705
256140,1381,264385.19,1500,5.317267,5.458151,0.140884
1658310,2707,1668095.22,2826,5.320006,5.459673,0.139667
454620,515,459295.72,634,5.322465,5.458130,0.135665
581970,2065,592549.44,2184,5.323000,5.458403,0.135403
1693440,1582,1701941.97,1701,5.324434,5.461616,0.137182
670710,2605,681174.64,2724,5.326348,5.458317,0.131969
188790,2611,197189.39,2730,5.326611,5.458078,0.131467
1114980,2542,1125088.82,2661,5.329171,5.460721,0.131550
563130,837,572590.53,956,5.329867,5.459326,0.129459
1310340,978,1318130.36,1097,5.332302,5.460430,0.128128
598740,1708,603844.25,1827,5.332982,5.458271,0.125289
7710,1916,17799.77,2035,5.334841,5.458285,0.123444
1319280,2675,1319950.20,2794,5.335264,5.458303,0.123039
964290,1115,968523.63,1234,5.335265,5.458297,0.123032
684330,2270,690029.86,2389,5.337011,5.458534,0.121523
2214000,1866,2222568.89,1985,5.337941,5.458387,0.120446
1230120,1898,1237885.33,2017,5.340621,5.458337,0.117716
1192110,324,1202805.39,443,5.341373,5.458770,0.117397
1971870,2437,1982299.02,2556,5.347103,5.458070,0.110967
1794270,798,1797684.64,917,5.348284,5.458267,0.109983
192870,1143,201354.49,1262,5.349130,5.458348,0.109218
1334070,1772,1342905.31,1891,5.349343,5.458300,0.108957
2198190,177,2207635.51,296,5.350748,5.458474,0.107726
1586520,1009,1588039.58,1128,5.351302,5.458765,0.107463
1277100,1490,1283425.64,1609,5.351620,5.458744,0.107124
2562660,1111,2569870.31,1230,5.353420,5.459566,0.106146
1709340,1471,1718629.46,1590,5.354923,5.459224,0.104301
1454490,1491,1460864.99,1610,5.355858,5.460086,0.104228
1825080,223,1830880.33,342,5.356743,5.458046,0.101303
430230,1565,441164.55,1684,5.358555,5.458409,0.099854
429030,2693,438399.50,2812,5.358636,5.458868,0.100232
707250,1950,711894.47,2069,5.358801,5.459713,0.100912
1727250,1146,1734105.02,1265,5.360218,5.458277,0.098059
578700,1568,587760.35,1687,5.361265,5.459244,0.097979
1614990,1450,1615090.66,1569,5.366475,5.459339,0.092864
1126980,99,1136020.05,218,5.367398,5.458921,0.091523
1582680,436,1587400.33,555,5.368302,5.458396,0.090094
1433880,1435,1440936.59,1554,5.368717,5.458029,0.089312
2229120,41,2238559.82,160,5.369319,5.458481,0.089162
1540230,1932,1550814.90,2051,5.371992,5.458859,0.086867
2360520,723,2370880.17,842,5.372394,5.459276,0.086882
1408320,2973,1411511.02,93,5.373530,5.458911,0.085381
614340,1799,624725.65,1918,5.375689,5.459298,0.083609
498000,452,500029.89,571,5.375967,5.458526,0.082559
108510,1772,118900.44,1891,5.376091,5.458300,0.082209
2172570,36,2175880.71,155,5.376925,5.459529,0.082604
2520000,969,2530539.95,1088,5.377911,5.458303,0.080392
1756890,1059,1765730.98,1178,5.378204,5.459615,0.081411
1419330,217,1427685.25,336,5.379638,5.459160,0.079522
285960,533,296959.97,652,5.381820,5.459352,0.077532
484230,1108,485025.70,1227,5.383007,5.459190,0.076183
1836150,2265,1845094.88,2384,5.385597,5.458327,0.072730
901230,2395,912329.93,2514,5.391173,5.459121,0.067948
1279290,635,1286925.32,754,5.391526,5.458136,0.066610
1848780,1657,1854670.00,1776,5.391550,5.459651,0.068101
1434090,14,1434174.15,133,5.393705,5.458245,0.064540
451350,18,461605.09,137,5.394048,5.458204,0.064156
2462130,1573,2468509.46,1692,5.396728,5.458935,0.062207
264150,1485,271598.99,1604,5.396848,5.458173,0.061325
396450,1401,404989.69,1520,5.402606,5.458670,0.056064
910170,1013,916969.21,1132,5.403116,5.458128,0.055012
2017650,198,2028305.31,317,5.404153,5.458058,0.053905
1408710,771,1419523.69,890,5.404218,5.459323,0.055105
580800,2553,585420.37,2672,5.405685,5.459633,0.053948
1242510,332,1250474.67,451,5.407410,5.458373,0.050963
2115840,752,2125902.61,871,5.407428,5.458365,0.050937
387450,944,390805.47,1063,5.407733,5.460123,0.052390
110220,1920,115785.70,2079,5.407782,5.462409,0.054627
1187550,2955,1193875.35,75,5.407862,5.458055,0.050193
756270,848,762204.85,967,5.408166,5.458039,0.049873
1998750,170,2005626.08,289,5.411719,5.458067,0.046348
1086210,2383,1094035.56,2502,5.412278,5.459398,0.047120
385830,1915,395245.14,2034,5.412545,5.458232,0.045687
1329150,2886,1335170.80,6,5.412676,5.458156,0.045480
1125000,2552,1135039.89,2671,5.414418,5.458082,0.043664
2254800,1981,2263529.05,2100,5.414604,5.458505,0.043901
698790,2249,708749.90,2368,5.415396,5.458126,0.042730
1518720,2682,1522230.95,2801,5.416272,5.459408,0.043136
2157420,2501,2164533.85,2620,5.416563,5.458843,0.042280
1271430,330,1278955.83,449,5.417694,5.458160,0.040466
1459920,1733,1468285.22,1852,5.418030,5.458249,0.040219
2570340,2177,2580934.81,2296,5.419272,5.458988,0.039716
1609920,2645,1621029.79,2764,5.419368,5.458872,0.039504
871770,1641,882470.29,1760,5.420339,5.458193,0.037854
1469880,104,1472605.14,223,5.420944,5.458148,0.037204
924000,2276,934955.85,2395,5.421013,5.460556,0.039543
1476900,2934,1487805.01,54,5.421790,5.458637,0.036847
2015610,932,2024208.61,1051,5.422289,5.458473,0.036184
2303340,1842,2312620.63,1961,5.422707,5.458840,0.036133
980040,965,987904.55,1084,5.423025,5.458745,0.035720
2255700,1055,2255924.68,1174,5.423464,5.458986,0.035522
926850,2536,936175.82,2655,5.425878,5.458645,0.032767
967350,2933,976099.52,53,5.426970,5.458319,0.031349
2095260,2935,2106544.49,55,5.427460,5.458329,0.030869
1982850,321,1986258.92,440,5.427739,5.458421,0.030682
518400,2109,528113.58,2228,5.427805,5.458728,0.030923
1625190,659,1633627.52,778,5.427993,5.458065,0.030072
1758750,1086,1764540.15,1205,5.428608,5.458095,0.029487
1655070,1610,1661325.41,1729,5.432676,5.458989,0.026313
392280,1830,395924.61,1949,5.435984,5.458423,0.022439
195210,87,198890.39,206,5.436808,5.460046,0.023238
1709310,2111,1717769.47,2230,5.436925,5.458639,0.021714
429570,370,439264.68,489,5.438511,5.458232,0.019721
2190180,2992,2192539.62,112,5.440847,5.458332,0.017485
1358490,122,1360455.14,241,5.441995,5.458281,0.016286
1538130,947,1549249.66,1066,5.442343,5.458435,0.016092
75990,2199,86857.78,2318,5.442467,5.458524,0.016057
2092710,2393,2104079.00,2512,5.443720,5.458366,0.014646
1813650,2782,1819009.05,2901,5.444048,5.458186,0.014138
478950,745,487939.84,864,5.445249,5.458343,0.013094
2322780,2466,2325493.69,2585,5.445743,5.458154,0.012411
2416230,334,2421900.97,453,5.445981,5.458688,0.012707
2080680,2477,2091980.57,2596,5.446687,5.458683,0.011996
999840,187,1008715.58,306,5.447150,5.458655,0.011505
961050,2977,964925.69,97,5.449055,5.458491,0.009436
207030,1404,217924.81,1523,5.449397,5.458763,0.009366
1187400,37,1194790.34,156,5.449415,5.460890,0.011475
1670430,783,1678744.53,902,5.449835,5.458838,0.009003
573450,605,578699.46,724,5.450006,5.458246,0.008240
2209110,2340,2218374.74,2459,5.450669,5.458635,0.007966
1513110,242,1515849.53,361,5.452063,5.458261,0.006198
88830,150,98250.25,269,5.452664,5.458110,0.005446
1425510,2733,1436524.80,2852,5.453892,5.459248,0.005356
1204110,920,1213890.06,1079,5.453977,5.458583,0.004606
2482200,1073,2493564.69,1192,5.454388,5.458066,0.003678
1604640,2282,1612835.28,2401,5.454582,5.458059,0.003477
352470,1948,361705.05,2067,5.454605,5.458904,0.004299
918510,315,929739.64,434,5.455342,5.458370,0.003028
2499810,1070,2511175.66,1189,5.455691,5.459142,0.003451
240720,489,252150.34,608,5.455788,5.459034,0.003246
1974810,817,1985609.37,936,5.457931,5.458472,0.000541
314790,2411,323455.35,2530,5.457938,5.460081,0.002143
432420,1519,433903.59,2979,15.866931,18.772235,2.905304
1971900,2606,1973406.50,1107,15.901112,18.747852,2.846740
2214840,110,2216840.61,1570,16.062221,18.747208,2.684987
648510,610,649412.78,2110,16.071755,18.748523,2.676768
937980,1148,939894.05,2608,16.160064,18.744858,2.584794
314640,422,315270.29,1882,16.301077,18.759881,2.458804
2345640,1356,2347219.15,2816,16.350013,18.743742,2.393729
503220,2984,505573.25,1445,16.370690,18.763652,2.392962
308730,1263,310639.07,2723,16.473961,18.755080,2.281119
1949040,1606,1950654.40,107,16.560038,18.759682,2.199644
2116590,836,2117210.91,2296,16.671323,18.750288,2.078965
474450,2825,479230.44,1286,16.699315,18.746728,2.047413
1697520,923,1697883.94,2423,16.817490,18.748961,1.931471
2052090,2326,2053569.42,827,16.841525,18.753396,1.911871
543450,24,545963.56,1484,16.844471,18.747228,1.902757
2112060,2747,2113344.44,1208,16.868972,18.744247,1.875275
1381050,2173,1381930.10,674,16.891510,18.756646,1.865136
2088240,874,2091065.36,2334,16.996743,18.746060,1.749317
263880,2016,268040.91,517,17.041357,18.751417,1.710060
898860,1861,899884.62,322,17.052146,18.761699,1.709553
595860,2817,597886.41,1318,17.160017,18.762098,1.602081
1740000,1826,1741025.93,287,17.205121,18.752948,1.547827
33780,2463,34720.29,924,17.253951,18.748623,1.494672
2250870,1138,2255386.49,2638,17.260783,18.783206,1.522423
1699110,632,1702141.47,2092,17.289930,18.758181,1.468251
1816110,15,1821003.85,1515,17.365976,18.757714,1.391738
461310,2157,464923.09,618,17.406652,18.747578,1.340926
2144100,364,2149194.90,1864,17.421901,18.752195,1.330294
677160,290,680795.84,1790,17.458840,18.761151,1.302311
799080,1638,806089.36,99,17.480673,18.781368,1.300695
1663920,2997,1666300.46,1458,17.483918,18.751896,1.267978
2347530,743,2348924.26,2203,17.514141,18.744959,1.230818
1212960,2307,1214395.28,768,17.538310,18.765369,1.227059
1569690,456,1572437.94,1956,17.571738,18.757677,1.185939
790140,2940,792473.53,1401,17.588166,18.749567,1.161401
1192410,891,1193255.70,2391,17.623087,18.764857,1.141770
96360,2186,98584.17,647,17.648955,18.753195,1.104240
835830,2581,837493.62,1042,17.686354,18.747500,1.061146
750270,1379,751766.14,2879,17.690208,18.745870,1.055662
831990,2008,834395.85,509,17.702471,18.771941,1.069470
1690890,1849,1698343.66,350,17.710094,18.754330,1.044236
2259510,118,2260645.66,1578,17.771137,18.779953,1.008816
2189520,2646,2190448.76,1147,17.794870,18.792303,0.997433
1266390,1734,1271993.92,235,17.859200,18.750925,0.891725
786000,2689,788420.68,1190,17.865126,18.747447,0.882321
552630,2679,558501.26,1140,17.871215,18.744298,0.873083
2137770,1008,2143710.10,2508,17.873938,18.752073,0.878135
2021880,2337,2026151.01,838,17.880431,18.757602,0.877171
1653600,230,1656109.42,1690,17.886432,18.753822,0.867390
1715880,235,1718005.60,1695,17.899115,18.752266,0.853151
854820,649,855735.82,2149,17.900297,18.748559,0.848262
1949550,2922,1952506.57,1423,17.916007,18.743729,0.827722
925830,753,930231.04,2213,17.942564,18.755163,0.812599
1621980,2770,1629570.69,1271,17.962831,18.743728,0.780897
2579670,2481,2583285.68,982,17.963092,18.751703,0.788611
1237620,1575,1243470.61,76,17.976082,18.765367,0.789285
627240,2318,628550.76,779,17.982982,18.768981,0.785999
343740,2658,345182.14,1159,17.983534,18.791695,0.808161
2307600,422,2311939.72,1882,17.987142,18.759881,0.772739
705420,2132,709319.52,633,17.988158,18.746970,0.758812
1075560,1347,1083271.33,2807,17.990250,18.755352,0.765102
2421450,2826,2428713.87,1287,17.996158,18.747018,0.750860
2088360,1353,2094836.07,2813,18.014870,18.781360,0.766490
1709640,1998,1713564.88,459,18.021095,18.750528,0.729433
1981800,2177,1982455.77,678,18.058921,18.751415,0.692494
1511430,223,1518480.54,1683,18.083528,18.751874,0.668346
386460,1520,390709.17,21,18.084855,18.753641,0.668786
1858170,681,1866827.96,2181,18.098526,18.748809,0.650283
1211220,2759,1212737.13,1220,18.106542,18.754726,0.648184
492360,2540,493154.89,1001,18.109595,18.749350,0.639755
1739160,1432,1740960.10,2892,18.112472,18.751445,0.638973
324330,1394,326940.32,2854,18.116338,18.756088,0.639750
1085670,2516,1088194.87,977,18.124650,18.753878,0.629228
274710,101,281540.00,1561,18.126676,18.745161,0.618485
1479600,1165,1486355.18,2665,18.127845,18.746212,0.618367
167160,652,171986.26,2152,18.131323,18.747284,0.615961
316410,2329,324450.34,830,18.133568,18.752486,0.618918
740910,2484,748354.51,985,18.135023,18.745479,0.610456
1357140,2180,1357251.46,641,18.135585,18.749623,0.614038
2499240,1803,2507656.84,304,18.136933,18.748638,0.611705
824670,2419,832469.44,880,18.145979,18.746745,0.600766
1891050,1731,1897756.16,232,18.163367,18.748331,0.584964
1352820,2690,1357366.49,1191,18.166333,18.753771,0.587438
980010,2454,982873.79,955,18.178092,18.749257,0.571165
2207400,2961,2208873.54,1462,18.189928,18.791421,0.601493
404490,1754,407050.35,215,18.192107,18.761383,0.569276
2148420,2853,2156019.64,1354,18.203731,18.758081,0.554350
843750,1606,848490.16,107,18.216734,18.759682,0.542948
336750,2147,343438.63,608,18.230578,18.752770,0.522192
1022340,519,1030751.17,1979,18.240001,18.749461,0.509460
529680,520,536290.92,2020,18.242242,18.744355,0.502113
635850,1898,642279.17,399,18.250073,18.757477,0.507404
634380,2708,635554.52,1169,18.258400,18.755102,0.496702
2208510,754,2209159.97,2214,18.266445,18.753248,0.486803
1413930,224,1421424.97,1684,18.268882,18.760090,0.491208
1056390,1001,1057825.68,2501,18.270745,18.791149,0.520404
1458930,2309,1464319.95,770,18.292475,18.744420,0.451945
1668990,1722,1676718.68,223,18.300068,18.745875,0.445807
1366200,1357,1370250.56,2817,18.306590,18.751138,0.444548
360,737,4789.39,2237,18.315178,18.777037,0.461859
601860,96,603884.46,1596,18.315431,18.765908,0.450477
1086720,1509,1088500.13,2969,18.328244,18.765734,0.437490
1664760,392,1672445.84,1852,18.331736,18.771253,0.439517
1444920,1847,1450901.01,348,18.334261,18.750426,0.416165
1964280,300,1968719.18,1760,18.343627,18.758564,0.414937
134880,2077,141080.21,538,18.344938,18.748439,0.403501
1956090,917,1960240.60,2377,18.348768,18.761267,0.412499
1112010,2572,1114600.13,1073,18.360181,18.755952,0.395771
2376420,1381,2377290.08,2841,18.376860,18.743672,0.366812
2409840,108,2415930.16,1568,18.377845,18.760639,0.382794
342120,630,348839.36,2090,18.384252,18.752232,0.367980
860490,1849,863965.39,350,18.402190,18.754330,0.352140
948780,2872,950199.66,1333,18.406043,18.744361,0.338318
780420,2608,784884.20,1109,18.408883,18.752731,0.343848
2324880,1341,2331800.29,2801,18.409519,18.747382,0.337863
1477890,1017,1482230.23,2517,18.416756,18.746045,0.329289
2335200,1109,2338589.76,2569,18.423556,18.753796,0.330240
2274900,1610,2276389.81,111,18.426836,18.757499,0.330663
2223570,169,2224331.03,1669,18.431026,18.797619,0.366593
2276700,2917,2277969.92,1378,18.432406,18.744603,0.312197
2547300,2787,2553445.11,1248,18.438474,18.750784,0.312310
2204700,2580,2206485.95,1041,18.450113,18.753733,0.303620
2516220,5,2518010.13,1505,18.453538,18.744192,0.290654
792330,2045,801259.54,546,18.458678,18.770096,0.311418
562860,1288,572669.78,2788,18.462503,18.745746,0.283243
545160,172,552404.49,1672,18.462881,18.769123,0.306242
242250,2247,251520.30,748,18.464607,18.752667,0.288060
1651080,2007,1654345.10,508,18.469131,18.763724,0.294593
2554920,2094,2556744.29,595,18.476644,18.746428,0.269784
519570,2390,523254.86,851,18.476805,18.771399,0.294594
1661190,177,1663579.27,1677,18.488802,18.747983,0.259181
2211570,2612,2221149.14,1113,18.491514,18.749922,0.258408
123720,1915,131715.17,376,18.495447,18.747350,0.251903
1471050,345,1476874.85,1805,18.500067,18.750032,0.249965
637890,1124,644343.92,2624,18.501672,18.759842,0.258170
123420,2197,125894.14,658,18.504177,18.744601,0.240424
2227110,984,2228536.49,2444,18.506227,18.753694,0.247467
2187780,99,2193711.58,1599,18.507367,18.749547,0.242180
1316550,704,1323810.95,2164,18.512468,18.746254,0.233786
413340,2292,423614.36,793,18.512930,18.760772,0.247842
1569810,935,1579159.49,2435,18.518231,18.754972,0.236741
761280,1662,762059.43,123,18.519861,18.757680,0.237819
353910,2587,361051.43,1048,18.521376,18.756110,0.234734
1792800,2457,1792809.22,958,18.523564,18.757770,0.234206
112890,831,120539.09,2291,18.525817,18.752583,0.226766
1092840,2266,1096494.34,727,18.538973,18.748055,0.209082
126270,2457,126914.82,958,18.543176,18.757770,0.214594
64320,1530,74413.14,31,18.546879,18.760721,0.213842
2323620,750,2328304.61,2210,18.548691,18.761510,0.212819
68010,2224,72790.42,685,18.549396,18.755690,0.206294
660090,969,668689.92,2469,18.554970,18.770991,0.216021
2073510,497,2077954.76,1997,18.556937,18.756344,0.199407
264990,2768,266409.62,1269,18.562885,18.789819,0.226934
2186160,1070,2195840.12,2530,18.563564,18.745543,0.181979
1421100,2973,1429085.70,1474,18.568069,18.747617,0.179548
2115750,402,2124670.79,1902,18.571364,18.745622,0.174258
2440410,1534,2445535.09,35,18.578017,18.747992,0.169975
1805340,690,1811254.68,2190,18.582728,18.748242,0.165514
1453770,2425,1460590.08,886,18.583302,18.747955,0.164653
1420260,2579,1427186.10,1040,18.584827,18.753255,0.168428
1246890,2350,1252054.50,811,18.586998,18.745716,0.158718
654810,606,655280.24,2106,18.593698,18.768850,0.175152
330660,750,334840.28,2210,18.594540,18.761510,0.166970
1706580,100,1712193.23,1560,18.596363,18.744384,0.148021
209400,597,214418.26,2057,18.600592,18.748029,0.147437
624570,1257,627350.03,2757,18.607416,18.801919,0.194503
1949790,881,1953829.81,2381,18.609012,18.767106,0.158094
963450,1450,973400.65,2950,18.612956,18.744761,0.131805
1017510,2712,1027694.70,1173,18.613235,18.746345,0.133110
1324260,1130,1324379.72,2630,18.619293,18.752122,0.132829
157350,2200,164044.57,701,18.620432,18.746188,0.125756
2314350,2974,2321726.06,1475,18.624043,18.758485,0.134442
1716180,2952,1718289.03,1413,18.630168,18.801249,0.171081
2129460,1146,2139125.57,2606,18.637466,18.746734,0.109268
340890,2398,343594.58,859,18.649141,18.787106,0.137965
1437330,1900,1444340.86,361,18.653907,18.748056,0.094149
1207710,1304,1216535.15,2764,18.660247,18.746942,0.086695
343290,102,350710.16,1562,18.662701,18.746577,0.083876
2200380,91,2203119.18,1591,18.666087,18.753763,0.087676
1607940,2988,1613674.65,1449,18.670680,18.748388,0.077708
1866300,1344,1871160.31,2804,18.671100,18.745961,0.074861
1388310,43,1390129.13,1543,18.688428,18.759017,0.070589
2341980,22,2348234.62,1482,18.689035,18.743925,0.054890
15540,671,24380.54,2131,18.690773,18.756671,0.065898
841200,1064,850029.30,2524,18.693644,18.750727,0.057083
1410540,2247,1412430.17,748,18.693851,18.752667,0.058816
2507670,2184,2517504.30,645,18.697422,18.744391,0.046969
793500,1557,795929.34,18,18.699096,18.756742,0.057646
1625370,747,1632635.31,2207,18.700393,18.795755,0.095362
638790,318,640614.87,1778,18.714735,18.785320,0.070585
1952820,420,1960179.62,1880,18.717410,18.746441,0.029031
1841820,1315,1852519.57,2775,18.721632,18.744888,0.023256
1525200,2686,1529140.85,1187,18.723227,18.784927,0.061700
2550030,2568,2559718.65,1069,18.729149,18.755658,0.026509
433170,794,437145.31,2254,18.738172,18.746339,0.008167
369120,1841,375079.85,342,18.741235,18.764891,0.023656
1395600,312,1400249.50,1772,18.744010,18.756487,0.012477
2086950,883,2093020.66,2383,18.744808,18.749274,0.004466
1661520,2254,1666519.54,755,18.747275,18.795677,0.048402
898740,1382,908920.04,2842,18.755697,18.759240,0.003543
511260,1441,511814.07,2036,18.794751,23.551416,4.756665
1154970,1345,1156458.14,1900,19.406456,23.546439,4.139983
960210,2305,961530.95,2860,19.652431,23.555704,3.903273
1248510,332,1250474.67,887,20.015593,23.547418,3.531825
220620,1471,223054.18,2026,20.122219,23.548594,3.426375
2525640,2571,2528466.11,127,20.127474,23.548249,3.420775
2422980,2688,2423466.33,244,20.149461,23.546263,3.396802
1439880,1435,1440936.59,1990,20.155245,23.547913,3.392668
1647990,2741,1648144.67,297,20.188094,23.546371,3.358277
1005840,187,1008715.58,742,20.271994,23.561549,3.289555
1261170,2043,1262438.43,2638,20.340044,23.551192,3.211148
1774260,2899,1776714.70,455,20.704758,23.548425,2.843667
1048350,450,1050784.93,1005,20.734137,23.554553,2.820416
2533200,199,2537147.81,754,20.752318,23.548648,2.796330
1040970,2061,1043000.97,2616,20.837046,23.547423,2.710377
2163420,2501,2164533.85,57,20.847255,23.548462,2.701207
150300,1882,156360.76,2477,20.855666,23.549163,2.693497
1353000,882,1356611.98,1477,20.935508,23.550518,2.615010
1927590,69,1930509.75,624,20.988783,23.553739,2.564956
1499040,782,1501612.73,1337,21.153558,23.546396,2.392838
2295150,2261,2296705.63,2816,21.164762,23.546428,2.381666
881340,1936,884934.47,2491,21.169580,23.548446,2.378866
2431110,392,2435904.55,947,21.172358,23.551500,2.379142
1757940,2853,1759225.35,409,21.204371,23.547188,2.342817
2178870,2793,2182114.82,349,21.271273,23.549436,2.278163
1426380,2289,1428640.84,2844,21.295175,23.546685,2.251510
908550,1786,910920.16,2341,21.333056,23.547969,2.214913
2206350,2961,2208873.54,557,21.346563,23.548491,2.201928
1730850,483,1736070.63,1078,21.360581,23.550350,2.189769
198870,1183,201839.24,1738,21.368419,23.552311,2.183892
1201560,140,1204925.90,695,21.382761,23.552273,2.169512
1241340,582,1241375.61,1137,21.383044,23.550676,2.167632
2106990,2935,2112321.00,491,21.438092,23.547624,2.109532
800310,1822,801324.41,2377,21.442487,23.554330,2.111843
926100,64,928579.51,619,21.449881,23.548598,2.098717
572610,2972,573349.63,528,21.505054,23.546982,2.041928
2237460,2104,2239911.63,2659,21.564984,23.548463,1.983479
353880,2140,357249.32,2695,21.567175,23.550401,1.983226
1782750,1960,1783034.99,2555,21.588198,23.552214,1.964016
1182510,313,1183365.61,868,21.592395,23.553423,1.961028
2035440,2195,2040654.66,2750,21.624076,23.547341,1.923265
2144790,2871,2147251.02,427,21.632190,23.558985,1.926795
2534610,669,2538793.35,1224,21.647713,23.560775,1.913062
2226060,984,2228536.49,1539,21.663274,23.550981,1.887707
1987710,289,1990774.72,844,21.676481,23.546198,1.869717
891180,2747,895920.45,303,21.717372,23.547417,1.830045
1592760,2007,1599574.93,2562,21.769902,23.553876,1.783974
856050,873,858494.99,1428,21.810562,23.549723,1.739161
169680,827,170223.58,1382,21.834273,23.547676,1.713403
353490,1303,354094.84,1858,21.837272,23.546730,1.709458
1562520,2658,1564716.12,214,21.837570,23.548584,1.711014
1241280,1862,1244205.77,2417,21.838017,23.546174,1.708157
600390,2858,604218.44,414,21.852690,23.554546,1.701856
1459290,2699,1463138.81,255,21.852852,23.563212,1.710360
754290,104,758989.41,659,21.872181,23.546155,1.673974
2555370,644,2555640.04,1239,21.874269,23.552855,1.678586
1897890,1396,1899315.03,1951,21.889331,23.549989,1.660658
836520,2049,839634.95,2604,21.938086,23.560357,1.622271
1155810,1779,1158586.07,2334,21.943591,23.547330,1.603739
1872540,1533,1875558.97,2088,21.958329,23.551519,1.593190
381480,2867,384641.83,423,21.972765,23.548096,1.575331
856710,2028,861676.34,2583,21.972910,23.546945,1.574035
1270470,2218,1275120.67,2773,21.987651,23.552412,1.564761
1335150,2886,1335170.80,442,21.989819,23.550832,1.561013
2310330,2195,2312680.98,2750,21.998905,23.547341,1.548436
2191200,2427,2193264.79,2982,22.008820,23.548145,1.539325
830940,2008,834395.85,2563,22.026338,23.548896,1.522558
1341630,2121,1346630.70,2716,22.045338,23.563702,1.518364
1041960,2334,1044419.12,2889,22.047222,23.547490,1.500268
936930,1148,939894.05,1703,22.053205,23.547845,1.494640
1294830,1768,1299584.56,2323,22.055751,23.546389,1.490638
833820,1668,836286.27,2223,22.059962,23.551679,1.491717
2258730,396,2261815.54,951,22.061414,23.549095,1.487681
718230,2715,721430.56,271,22.081686,23.547845,1.466159
2095590,1815,2097439.52,2370,22.088271,23.550276,1.462005
2117310,2703,2123559.11,259,22.088739,23.551259,1.462520
2561850,2878,2567201.60,434,22.095733,23.547518,1.451785
2142390,2128,2144992.09,2683,22.101673,23.548819,1.447146
1379160,1739,1381768.96,2294,22.109318,23.546935,1.437617
1302060,278,1302649.16,833,22.113187,23.562802,1.449615
494610,2357,501215.83,2912,22.118472,23.548946,1.430474
412170,1773,415595.19,2328,22.121076,23.549785,1.428709
1690740,923,1697883.94,1518,22.152231,23.550784,1.398553
1847130,2990,1852471.40,546,22.152562,23.547687,1.395125
340260,2555,341955.25,111,22.160156,23.567951,1.407795
2017500,81,2022124.96,676,22.162513,23.553136,1.390623
1115700,2179,1117659.89,2734,22.176412,23.550378,1.373966
409710,2310,410325.09,2865,22.198836,23.548721,1.349885
2068290,846,2074854.72,1401,22.203933,23.547997,1.344064
1253400,2897,1256325.33,453,22.209185,23.547591,1.338406
1947990,1606,1950654.40,2161,22.233170,23.546991,1.313821
1395990,102,1396889.11,657,22.247875,23.546824,1.298949
1177200,550,1177220.34,1105,22.261870,23.548554,1.286684
1492650,2706,1496125.15,262,22.278134,23.550086,1.271952
525930,99,530351.17,654,22.299472,23.547433,1.247961
2583420,888,2585999.92,1443,22.320500,23.546888,1.226388
2039310,2088,2047662.42,2643,22.338760,23.546975,1.208215
418830,207,421484.55,762,22.359005,23.548621,1.189616
1668240,1400,1674264.36,1995,22.360742,23.551535,1.190793
1356810,2055,1358375.28,2610,22.365411,23.554890,1.189479
2020830,2337,2026151.01,2892,22.367616,23.550164,1.182548
399930,219,400955.56,774,22.372080,23.547051,1.174971
1687410,1746,1693020.67,2301,22.382789,23.554415,1.171626
2301540,377,2301964.62,932,22.392827,23.546616,1.153789
617310,2340,620514.77,2895,22.394260,23.547783,1.153523
1325910,1551,1326180.59,2106,22.413039,23.547394,1.134355
13890,1195,19206.45,1750,22.427282,23.550891,1.123609
2375580,2939,2379099.39,495,22.444012,23.549826,1.105814
2455980,1258,2457914.29,1813,22.457194,23.548801,1.091607
1956660,2905,1959185.93,461,22.461784,23.546973,1.085189
704130,1134,705158.48,1689,22.464500,23.547129,1.082629
639450,426,648059.98,981,22.470701,23.549406,1.078705
1113780,433,1114234.60,988,22.476956,23.549665,1.072709
1698210,431,1703964.94,986,22.477716,23.549155,1.071439
1881930,2827,1884070.28,383,22.478209,23.548803,1.070594
2467560,1577,2468105.21,2132,22.483979,23.554661,1.070682
594810,2817,597886.41,373,22.497842,23.548419,1.050577
1209090,1327,1217197.14,1882,22.501009,23.551741,1.050732
1948740,881,1953829.81,1476,22.505572,23.547665,1.042093
2346630,542,2352175.08,1097,22.518973,23.551043,1.032070
1028700,1187,1031420.66,1742,22.536145,23.547352,1.011207
2237700,63,2243930.51,618,22.553810,23.548139,0.994329
944190,1977,952505.05,2532,22.558712,23.562076,1.003364
1003920,1400,1006970.16,1995,22.566090,23.551535,0.985445
45570,374,46769.44,929,22.568155,23.548693,0.980538
2150670,2670,2155540.23,226,22.572222,23.547902,0.975680
602490,844,607290.86,1439,22.573008,23.547396,0.974388
1914540,480,1922308.98,1075,22.574362,23.546965,0.972603
488880,2437,494814.99,2992,22.574932,23.546365,0.971433
679710,2824,683171.19,380,22.582395,23.547256,0.964861
1659390,862,1661575.16,1417,22.586130,23.546572,0.960442
1151400,1170,1157401.01,1725,22.590048,23.547596,0.957548
1352490,2565,1360575.37,121,22.606565,23.553527,0.946962
2176140,2972,2180940.88,528,22.616297,23.546982,0.930685
2269620,200,2277700.18,795,22.619915,23.557135,0.937220
1806960,1711,1812164.83,2266,22.627079,23.548406,0.921327
2247060,1957,2255301.48,2512,22.641809,23.549802,0.907993
1900080,501,1905429.10,1056,22.649136,23.548758,0.899622
1598460,2567,1602905.97,123,22.653500,23.549759,0.896259
2010870,1007,2019299.06,1562,22.657193,23.550765,0.893572
1222680,1592,1228604.99,2147,22.665226,23.554939,0.889713
262830,2016,268040.91,2571,22.666610,23.551996,0.885386
1853310,2507,1858099.42,63,22.668244,23.546652,0.878408
1321110,105,1323420.30,660,22.675874,23.548814,0.872940
2004780,2609,2013030.74,165,22.680787,23.549203,0.868416
202980,2074,205979.83,2629,22.682722,23.552999,0.870277
234540,774,234774.73,1329,22.683862,23.548091,0.864229
2369820,620,2377744.29,1175,22.690104,23.550650,0.860546
1410180,2722,1411635.50,318,22.690426,23.549253,0.858827
887400,934,888083.61,1489,22.692810,23.547253,0.854443
2004450,532,2007504.19,1087,22.694866,23.547356,0.852490
567480,2448,574510.99,4,22.699368,23.547801,0.848433
268470,817,269696.21,1372,22.702875,23.554559,0.851684
1280400,1149,1281349.63,1704,22.705144,23.548505,0.843361
2118300,2936,2123404.49,492,22.715132,23.551811,0.836679
1828170,1243,1832379.69,1838,22.720453,23.550956,0.830503
1970850,2606,1973406.50,162,22.726472,23.547412,0.820940
342960,2976,346036.08,532,22.735120,23.548307,0.813187
1020,845,3775.46,1400,22.735528,23.554682,0.819154
1779210,1185,1780825.07,1740,22.736505,23.548072,0.811567
2359110,55,2359455.13,610,22.736915,23.548629,0.811714
1043430,1524,1050719.59,2119,22.748621,23.556140,0.807519
1289250,1687,1295045.11,2242,22.749313,23.547103,0.797790
506910,2631,509169.51,187,22.751176,23.549444,0.798268
2460360,2467,2468294.25,23,22.755194,23.552372,0.797178
2162340,1149,2164999.62,1704,22.760360,23.548505,0.788145
495690,750,499730.63,1305,22.761363,23.556360,0.794997
2421960,96,2427448.66,651,22.762155,23.548236,0.786081
2076480,229,2079503.80,784,22.767329,23.550068,0.782739
2368380,830,2370909.87,1385,22.775132,23.548628,0.773496
2158500,576,2163983.87,1131,22.779194,23.565883,0.786689
1970700,2727,1970929.93,283,22.793602,23.561441,0.767839
739860,2444,741260.21,0,22.794483,23.547288,0.752805
1245450,1473,1248734.97,2028,22.805873,23.550894,0.745021
685740,2462,688535.20,18,22.809885,23.546205,0.736320
1241220,103,1249704.75,658,22.815968,23.548675,0.732707
2141700,1613,2150379.69,2168,22.818020,23.549299,0.731279
2410710,1814,2414090.12,2369,22.821826,23.551143,0.729317
1814250,1940,1817855.17,2495,22.823969,23.546714,0.722745
120000,814,126828.96,1369,22.825572,23.554148,0.728576
1076850,251,1083900.10,806,22.834254,23.556469,0.722215
402450,1401,404989.69,1996,22.835600,23.548526,0.712926
732810,174,736221.95,729,22.839081,23.547340,0.708259
1809870,731,1810429.41,1286,22.856094,23.546695,0.690601
1976850,2844,1979296.49,400,22.868525,23.548010,0.679485
241500,1925,247145.04,2480,22.891448,23.552711,0.661263
142650,176,143699.76,731,22.891682,23.553036,0.661354
2494830,187,2501738.48,742,22.892746,23.561549,0.668803
674370,702,676894.70,1257,22.898567,23.548232,0.649665
819810,1166,821340.04,1721,22.906028,23.549820,0.643792
1310730,1617,1314379.75,2172,22.906685,23.552144,0.645459
160380,692,164060.31,1247,22.912621,23.549215,0.636594
2514690,1048,2519205.35,1603,22.922528,23.553324,0.630796
1600260,875,1602475.58,1430,22.928417,23.546703,0.618286
2582580,494,2587729.52,1049,22.934574,23.548496,0.613922
664530,2890,672904.97,446,22.935558,23.546388,0.610830
2290950,251,2297339.53,806,22.938227,23.556469,0.618242
502800,1700,504694.64,2255,22.938310,23.546552,0.608242
861510,475,866330.60,1030,22.945891,23.567297,0.621406
1210170,2759,1212737.13,315,22.976109,23.548121,0.572012
1008540,608,1017360.29,1163,22.978656,23.549010,0.570354
823380,1421,827339.54,1976,22.982675,23.549048,0.566373
888240,1328,893348.76,1883,22.982678,23.546863,0.564185
853950,2847,862095.97,403,22.985837,23.550121,0.564284
336150,1664,339245.21,2219,22.986122,23.564860,0.578738
1736430,524,1737645.10,1119,22.986256,23.552425,0.566169
2535390,2303,2540416.04,2858,22.990208,23.547307,0.557099
369420,552,372805.32,1107,22.993200,23.550640,0.557440
342690,2658,345182.14,214,22.995545,23.548584,0.553039
1817790,2795,1824921.10,351,23.002492,23.552354,0.549862
985440,1649,988359.96,2204,23.004013,23.546296,0.542283
2124660,1692,2126884.62,2247,23.006143,23.561680,0.555537
2280000,1647,2282415.91,2202,23.009711,23.546919,0.537208
2280000,1647,2281804.36,2202,23.009711,23.546919,0.537208
60870,787,64270.20,1342,23.013195,23.553635,0.540440
192090,2270,197920.37,2825,23.015022,23.557171,0.542149
1571010,1799,1575970.68,2354,23.016177,23.550339,0.534162
48780,2151,49844.92,2706,23.031536,23.557967,0.526431
1910640,1187,1912538.61,1742,23.032241,23.547352,0.515111
1275780,1941,1281575.68,2496,23.033923,23.548607,0.514684
1217160,231,1223188.48,786,23.035511,23.546286,0.510775
2143080,2723,2143309.67,319,23.045711,23.550789,0.505078
1875720,951,1881443.93,1506,23.054648,23.548895,0.494247
2226960,98,2234889.97,653,23.056830,23.548325,0.491495
658710,1851,668635.06,2406,23.066283,23.553753,0.487470
1550700,1341,1556425.60,1896,23.072819,23.551780,0.478961
1355010,788,1355985.47,1343,23.075994,23.564281,0.488287
2490570,2456,2498354.94,12,23.078601,23.549486,0.470885
1348170,116,1352430.94,671,23.079207,23.549418,0.470211
2072670,2055,2080709.84,2610,23.111105,23.554890,0.443785
2562240,716,2564525.31,1271,23.115941,23.546525,0.430584
349230,573,353269.81,1128,23.124170,23.546531,0.422361
2042730,2424,2050864.54,2979,23.129456,23.552011,0.422555
2204220,2576,2212444.95,132,23.133127,23.551058,0.417931
1732620,2430,1735495.39,2985,23.136766,23.554141,0.417375
711810,2200,715875.28,2795,23.138968,23.548075,0.409107
436470,2563,442050.69,159,23.145216,23.548392,0.403176
1252770,1062,1259546.33,1617,23.146013,23.549039,0.403026
1518270,2847,1527274.42,403,23.148039,23.550121,0.402082
2136600,449,2136644.82,1004,23.149560,23.546259,0.396699
1056690,2711,1061793.84,267,23.152330,23.551162,0.398832
930420,2553,937448.96,109,23.155509,23.551885,0.396376
1590870,2620,1591130.84,176,23.157376,23.548966,0.391590
1341330,2403,1349994.19,2998,23.158018,23.548234,0.390216
1410300,242,1411784.47,837,23.169997,23.548754,0.378757
986730,1600,991590.40,2195,23.174660,23.547737,0.373077
2106360,1140,2114086.46,1695,23.176864,23.548891,0.372027
934980,2961,943854.83,557,23.178932,23.548491,0.369559
348270,2699,357125.73,255,23.179747,23.563212,0.383465
1918950,1089,1923529.63,1644,23.180897,23.561714,0.380817
2549610,1324,2559705.26,1919,23.182985,23.549150,0.366165
509610,53,517984.34,608,23.183035,23.552315,0.369280
1979100,709,1981660.92,1264,23.184754,23.548401,0.363647
2071440,864,2079625.67,1419,23.185940,23.546208,0.360268
2105070,1189,2109015.22,1744,23.191256,23.546501,0.355245
2075460,636,2077289.69,1191,23.198207,23.554170,0.355963
229350,1530,229360.41,2085,23.199190,23.549313,0.350123
875520,857,875705.43,1412,23.199771,23.548297,0.348526
1119300,1794,1128079.26,2349,23.199870,23.548000,0.348130
2187270,735,2190099.41,1290,23.200024,23.553972,0.353948
2483400,2706,2488820.31,262,23.202988,23.550086,0.347098
530190,829,533464.82,1384,23.203686,23.549126,0.345440
1114620,867,1117289.37,1422,23.203777,23.550246,0.346469
1472610,2606,1479975.25,162,23.205065,23.547412,0.342347
631860,479,638569.32,1034,23.213929,23.548070,0.334141
948810,1185,954824.82,1740,23.216838,23.548072,0.331234
56820,1655,66135.17,2210,23.217055,23.550804,0.333749
1802910,2579,1812335.21,135,23.218468,23.550140,0.331672
145260,2517,152024.45,73,23.220588,23.553295,0.332707
754020,2745,757519.65,301,23.223476,23.546942,0.323466
1485960,1913,1487195.15,2468,23.223913,23.549809,0.325896
1731000,362,1733889.03,957,23.227973,23.551029,0.323056
1624830,2023,1628820.31,2578,23.228486,23.547272,0.318786
1185630,891,1193255.70,1446,23.229893,23.548845,0.318952
1494030,777,1499455.34,1332,23.232924,23.549607,0.316683
1788570,40,1791119.78,635,23.233326,23.553282,0.319956
1989030,2679,1995578.40,235,23.233491,23.546325,0.312834
883470,2281,889868.74,2876,23.246522,23.548723,0.302201
721830,2250,726886.55,2805,23.247181,23.546638,0.299457
970080,2516,979384.94,72,23.249424,23.550979,0.301555
89100,270,92985.78,825,23.252004,23.550290,0.298286
1657860,2912,1662174.46,468,23.254898,23.549723,0.294825
1261770,1519,1267369.45,2074,23.256499,23.550348,0.293849
484950,745,487939.84,1300,23.257027,23.546260,0.289233
588150,1344,594135.15,1899,23.257448,23.547919,0.290471
1508670,35,1514334.42,590,23.263530,23.548721,0.285191
782940,2783,783444.90,339,23.263750,23.549057,0.285307
743490,1379,751766.14,1934,23.265425,23.556919,0.291494
622320,2345,625964.32,2900,23.267143,23.550642,0.283499
2186730,99,2193711.58,654,23.267442,23.547433,0.279991
1211700,669,1219720.25,1224,23.268275,23.560775,0.292500
609600,1914,615929.76,2469,23.271842,23.551985,0.280143
1636440,1742,1643771.02,2297,23.272001,23.554470,0.282469
53130,961,61910.09,1556,23.274163,23.553943,0.279780
2211570,1565,2217189.28,2120,23.275984,23.549603,0.273619
1837050,1221,1844669.69,1776,23.277330,23.546423,0.269093
1714740,2075,1717530.37,2630,23.280850,23.546662,0.265812
1622910,277,1630455.11,832,23.281575,23.552769,0.271194
765450,266,773995.16,821,23.281934,23.550047,0.268113
580530,2037,587235.79,2592,23.289927,23.553077,0.263150
2352150,1903,2357229.10,2458,23.291466,23.546181,0.254715
1223010,670,1230969.53,1225,23.298376,23.550132,0.251756
1592820,727,1595289.98,1282,23.300974,23.549009,0.248035
460260,2157,464923.09,2712,23.301331,23.549421,0.248090
1054800,285,1063535.43,840,23.302450,23.546787,0.244337
1009920,1678,1012333.57,2233,23.305110,23.554180,0.249070
170100,1024,178435.12,1579,23.312498,23.546345,0.233847
2495280,2743,2499855.01,299,23.314037,23.554788,0.240751
2215800,2935,2218270.42,491,23.317824,23.547624,0.229800
1861140,413,1869733.97,968,23.328637,23.550568,0.221931
942180,2111,952469.51,2666,23.334317,23.551297,0.216980
1714530,477,1720460.24,1032,23.334577,23.546245,0.211668
669180,1458,674559.72,2013,23.335187,23.548345,0.213158
1493190,383,1500935.13,938,23.342742,23.546171,0.203429
2168250,308,2176998.64,863,23.350267,23.554847,0.204580
159750,1896,167551.11,2451,23.351449,23.546500,0.195051
2267760,173,2274095.10,728,23.351963,23.548370,0.196407
1080810,1303,1088910.43,1858,23.357231,23.546730,0.189499
1088730,328,1091079.67,883,23.360631,23.548514,0.187883
34140,2893,35275.14,449,23.362197,23.553697,0.191500
1868640,2240,1874824.47,2835,23.363119,23.551523,0.188404
1731780,2036,1742246.21,2591,23.367119,23.552308,0.185189
2399820,2010,2408223.53,2565,23.369155,23.546578,0.177423
736170,1790,746229.48,2345,23.378943,23.546971,0.168028
1540650,1891,1549130.17,2446,23.382105,23.546203,0.164098
2178450,2596,2187600.70,152,23.385227,23.552733,0.167506
1720050,1838,1727025.89,2393,23.387708,23.555681,0.167973
1011630,1866,1019165.09,2421,23.395374,23.546228,0.150854
2397660,2305,2400569.99,2860,23.399220,23.555704,0.156484
879450,2549,889900.53,105,23.403004,23.548255,0.145251
531420,2060,541295.89,2615,23.403481,23.553327,0.149846
146400,2669,147023.65,225,23.410872,23.546634,0.135762
572820,1571,575919.51,2126,23.413620,23.546351,0.132731
1206180,2307,1214395.28,2862,23.416627,23.548673,0.132046
1141650,1478,1151270.46,2033,23.421295,23.546749,0.125454
1266720,2764,1276749.90,320,23.421720,23.549817,0.128097
1346970,1244,1352239.28,1839,23.421755,23.548827,0.127072
1362150,1178,1370555.91,1733,23.425092,23.548960,0.123868
2287950,152,2296680.70,707,23.426304,23.547152,0.120848
2546940,303,2549265.24,858,23.426309,23.554263,0.127954
1832790,451,1839889.74,1006,23.426986,23.557390,0.130404
735120,2797,745570.78,353,23.430974,23.551734,0.120760
1241790,139,1243655.29,694,23.432371,23.548358,0.115987
1392240,648,1401024.82,1203,23.433457,23.560795,0.127338
1192950,520,1198528.98,1115,23.437553,23.546363,0.108810
2265240,1990,2273669.08,2545,23.438261,23.551865,0.113604
84270,2463,87570.95,19,23.440367,23.548206,0.107839
2088900,982,2094914.94,1537,23.442280,23.556944,0.114664
2109810,836,2117210.91,1391,23.442383,23.546596,0.104213
2424900,1475,2429196.20,2030,23.443263,23.549058,0.105795
1911090,824,1911434.37,1379,23.443827,23.550552,0.106725
1374270,2173,1381930.10,2728,23.451544,23.549569,0.098025
442530,1601,452794.20,2196,23.451938,23.558909,0.106971
2050380,1131,2059110.57,1686,23.457750,23.546205,0.088455
122520,2036,128417.37,2591,23.461831,23.552308,0.090477
536670,24,545963.56,579,23.463867,23.546652,0.082785
1334250,773,1337104.59,1328,23.466173,23.562072,0.095899
1820790,2934,1823514.80,490,23.466476,23.552034,0.085558
1917990,216,1925494.96,771,23.467335,23.551943,0.084608
760230,1662,762059.43,2217,23.472705,23.550113,0.077408
1105770,289,1113669.77,844,23.473146,23.546198,0.073052
1016100,1235,1019435.22,1790,23.474531,23.552652,0.078121
69420,1607,72255.22,2162,23.474994,23.549356,0.074362
1953420,1808,1962235.03,2363,23.478697,23.567611,0.088914
1318110,2965,1323229.95,521,23.479823,23.547967,0.068144
1936920,2523,1943484.59,119,23.480639,23.551925,0.071286
939510,1050,950524.00,1605,23.482605,23.548626,0.066021
782100,2389,790704.40,2944,23.483001,23.547454,0.064453
1941840,1449,1952965.09,2004,23.483177,23.548461,0.065284
918300,1478,919755.66,2033,23.485614,23.546749,0.061135
2553870,2094,2556744.29,2649,23.486521,23.549543,0.063022
2214330,746,2216920.70,1301,23.487010,23.554040,0.067030
2332350,2761,2342055.38,357,23.490710,23.547326,0.056616
1191000,2413,1192905.65,2968,23.495236,23.547388,0.052152
2520810,1805,2526330.03,2360,23.497755,23.550025,0.052270
2303430,2763,2305658.44,359,23.497762,23.551766,0.054004
26130,2709,31015.13,265,23.499624,23.547898,0.048274
1551360,2496,1559794.64,52,23.499998,23.550587,0.050589
1066890,1960,1071655.08,2555,23.503744,23.552214,0.048470
868980,2942,872369.79,498,23.504600,23.549318,0.044718
1222890,231,1223188.48,786,23.508840,23.546286,0.037446
300480,2113,310171.14,2668,23.510589,23.552480,0.041891
1840140,2479,1849455.81,35,23.512884,23.556843,0.043959
2005230,2206,2010879.92,2761,23.514892,23.548377,0.033485
2242440,2749,2252964.71,305,23.516169,23.554761,0.038592
1874760,38,1875479.00,593,23.517257,23.546162,0.028905
1482690,1376,1490966.85,1931,23.518420,23.560537,0.042117
1976520,767,1987794.49,1322,23.519194,23.548412,0.029218
1066830,201,1077445.71,796,23.519562,23.549088,0.029526
1089150,525,1100065.18,1080,23.520039,23.548732,0.028693
789270,2139,800590.53,2694,23.520480,23.551414,0.030934
2106720,2577,2107345.55,133,23.522677,23.546756,0.024079
413430,2364,417960.88,2959,23.523993,23.546775,0.022782
1148280,552,1159585.16,1107,23.525668,23.550640,0.024972
1130520,676,1135201.09,1231,23.528119,23.548889,0.020770
2539830,2272,2544909.85,2827,23.528783,23.548774,0.019991
2169990,2855,2178494.55,411,23.529618,23.549776,0.020158
1356270,1379,1367144.03,1934,23.530715,23.556919,0.026204
1125510,671,1136740.02,1226,23.531137,23.548886,0.017749
2174040,1987,2185241.08,2542,23.531294,23.547838,0.016544
844800,2591,855684.65,147,23.535679,23.546648,0.010969
1067130,2958,1078365.30,514,23.535711,23.548091,0.012380
2196840,1228,2203250.64,1783,23.539384,23.547784,0.008400
773790,2487,785010.30,43,23.543066,23.555650,0.012584
2373690,553,2384279.80,1108,23.545136,23.559893,0.014757
2121840,752,2125902.61,1307,23.546179,23.548518,0.002339
119100,1660,123390.46,2215,23.546631,23.547740,0.001109
641730,610,649412.78,1165,23.547340,23.547622,0.000282
1341990,599,1350408.58,1154,23.549066,23.550266,0.001200
1980510,1179,1991864.64,1734,23.552211,23.561238,0.009027
155820,1882,156360.76,2120,25.640568,999.000000,973.359432
1696260,923,1697883.94,1161,26.214428,999.000000,972.785572
478920,2825,479230.44,64,26.527865,999.000000,972.472135
1598280,2007,1599574.93,2245,27.154279,999.000000,971.845721
1222680,231,1223188.48,469,27.207447,999.000000,971.792553
2255340,1138,2255386.49,1376,27.232268,999.000000,971.767732
431160,1519,433903.59,1757,27.525045,999.000000,971.474955
542190,24,545963.56,262,27.619206,999.000000,971.380794
500130,2357,501215.83,2595,27.627041,999.000000,971.372959
2192250,99,2193711.58,337,27.684922,999.000000,971.315078
647250,610,649412.78,848,27.717112,999.000000,971.282888
2344380,1356,2347219.15,1594,27.757065,999.000000,971.242935
1258290,1062,1259546.33,1300,27.767949,999.000000,971.232051
936720,1148,939894.05,1386,27.783477,999.000000,971.216523
220410,1471,223054.18,1709,27.785699,999.000000,971.214301
2073810,846,2074854.72,1084,27.799652,999.000000,971.200348
2526150,2486,2526280.86,2724,27.908851,999.000000,971.091149
2122830,2703,2123559.11,2941,27.997017,999.000000,971.002983
2213580,110,2216840.61,348,28.004317,999.000000,970.995683
2375340,620,2377744.29,858,28.139685,999.000000,970.860315
2115330,836,2117210.91,1074,28.175784,999.000000,970.824216
1947780,1606,1950654.40,1844,28.183397,999.000000,970.816603
511050,1441,511814.07,1719,28.196218,999.000000,970.803782
949710,1977,952505.05,2215,28.207312,999.000000,970.792688
146190,2669,147023.65,2907,28.213161,999.000000,970.786839
1723950,2689,1724125.36,2927,28.221292,999.000000,970.778708
644970,426,648059.98,664,28.242551,999.000000,970.757449
803550,1638,806089.36,1876,28.281567,999.000000,970.718433
1703730,431,1703964.94,669,28.336308,999.000000,970.663692
313380,422,315270.29,660,28.356008,999.000000,970.643992
125520,814,126828.96,1052,28.358671,999.000000,970.641329
2252580,1957,2255301.48,2195,28.372921,999.000000,970.627079
1379790,2173,1381930.10,2411,28.389616,999.000000,970.610384
501960,2984,505573.25,223,28.420908,999.000000,970.579092
307470,1263,310639.07,1501,28.424629,999.000000,970.575371
2206140,2961,2208873.54,200,28.443043,999.000000,970.556957
2148570,364,2149194.90,602,28.460968,999.000000,970.539032
1214610,1327,1217197.14,1565,28.543097,999.000000,970.456903
2275140,200,2277700.18,478,28.547746,999.000000,970.452254
749010,1379,751766.14,1617,28.575000,999.000000,970.425000
1695360,1849,1698343.66,2087,28.626872,999.000000,970.373128
1820580,15,1821003.85,253,28.651505,999.000000,970.348495
1191150,891,1193255.70,1129,28.672508,999.000000,970.327492
2352150,542,2352175.08,780,28.675031,999.000000,970.324969
2076960,864,2079625.67,1102,28.695488,999.000000,970.304512
2076960,864,2085374.28,1102,28.695488,999.000000,970.304512
1156920,1170,1157401.01,1408,28.700554,999.000000,970.299446
2149980,794,2155465.10,1032,28.714791,999.000000,970.285209
1211700,2307,1214395.28,2545,28.730180,999.000000,970.269820
1862640,681,1866827.96,959,28.730982,999.000000,970.269018
539100,1845,539596.99,2083,28.733845,999.000000,970.266155
594600,2817,597886.41,56,28.737833,999.000000,970.262167
830730,2008,834395.85,2246,28.739981,999.000000,970.260019
1154760,1345,1156458.14,1583,28.743232,999.000000,970.256768
2142870,2723,2143309.67,2961,28.746023,999.000000,970.253977
2091420,883,2093020.66,1121,28.751648,999.000000,970.248352
925890,64,928579.51,302,28.756584,999.000000,970.243416
2465880,2467,2468294.25,2705,28.757587,999.000000,970.242413
473190,2825,479230.44,64,28.793149,999.000000,970.206851
2110800,2747,2113344.44,2985,28.816761,999.000000,970.183239
2225850,984,2228536.49,1222,28.827498,999.000000,970.172502
1048140,450,1050784.93,688,28.858120,999.000000,970.141880
2352090,1782,2352931.28,2020,28.861488,999.000000,970.138512
262620,2016,268040.91,2254,28.862947,999.000000,970.137053
1647780,2741,1648144.67,2979,28.869165,999.000000,970.130835
664230,1851,668635.06,2089,28.904700,999.000000,970.095300
2010300,2609,2013030.74,2847,28.909481,999.000000,970.090519
1270860,1734,1271993.92,1972,28.919954,999.000000,970.080046
2016390,1007,2019299.06,1245,28.938514,999.000000,970.061486
1358010,2565,1360575.37,2803,28.942423,999.000000,970.057577
2425920,2826,2428713.87,65,28.961319,999.000000,970.038681
2147220,1613,2150379.69,1851,28.970012,999.000000,970.029988
2249610,1138,2255386.49,1376,28.973895,999.000000,970.026105
1281270,2621,1284165.14,2859,28.989243,999.000000,970.010757
1738740,1826,1741025.93,2064,28.996200,999.000000,970.003800
2050830,2326,2053569.42,2564,28.997632,999.000000,970.002368
171630,652,171986.26,890,29.004501,999.000000,969.995499
935940,2553,937448.96,2791,29.040792,999.000000,969.959208
960000,2305,961530.95,2543,29.046625,999.000000,969.953375
1242090,1575,1243470.61,1813,29.050016,999.000000,969.949984
1920060,480,1922308.98,758,29.066822,999.000000,969.933178
834570,2581,837493.62,2819,29.073198,999.000000,969.926802
712200,1796,712315.39,2034,29.074345,999.000000,969.925655
1910880,824,1911434.37,1062,29.097124,999.000000,969.902876
1673760,1400,1674264.36,1678,29.101578,999.000000,969.898422
533370,1845,539596.99,2083,29.124660,999.000000,969.875340
706470,1796,712315.39,2034,29.139516,999.000000,969.860484
2142240,1008,2143710.10,1246,29.142681,999.000000,969.857319
353790,2699,357125.73,2937,29.145911,999.000000,969.854089
441990,2563,442050.69,2801,29.175206,999.000000,969.824794
2020620,2337,2026151.01,2575,29.177054,999.000000,969.822946
2086980,874,2091065.36,1112,29.184641,999.000000,969.815359
1155600,1779,1158586.07,2017,29.185011,999.000000,969.814989
1692930,1746,1693020.67,1984,29.204117,999.000000,969.795883
2010750,2206,2010879.92,2444,29.205315,999.000000,969.794685
1807080,829,1807110.21,1067,29.229348,999.000000,969.770652
1629840,747,1632635.31,985,29.230544,999.000000,969.769456
1352790,882,1356611.98,1120,29.249839,999.000000,969.750161
2422770,2688,2423466.33,2926,29.273949,999.000000,969.726051
534150,520,536290.92,798,29.312337,999.000000,969.687663
2503710,1803,2507656.84,2041,29.316734,999.000000,969.683266
318510,986,321760.00,1224,29.319054,999.000000,969.680946
1626450,2770,1629570.69,9,29.338019,999.000000,969.661981
642360,1124,644343.92,1362,29.359842,999.000000,969.640158
139350,2077,141080.21,2315,29.382483,999.000000,969.617517
1232130,245,1235440.08,483,29.383364,999.000000,969.616636
1248300,332,1250474.67,570,29.383895,999.000000,969.616105
1201350,140,1204925.90,378,29.386216,999.000000,969.613784
567330,1288,572669.78,1526,29.393043,999.000000,969.606957
897600,1861,899884.62,2099,29.395113,999.000000,969.604887
2209740,2576,2212444.95,2814,29.416205,999.000000,969.583795
1246740,103,1249704.75,341,29.420412,999.000000,969.579588
2346270,743,2348924.26,981,29.423145,999.000000,969.576855
572400,2972,573349.63,211,29.434346,999.000000,969.565654
1046670,1340,1050103.69,1578,29.436707,999.000000,969.563293
1697850,632,1702141.47,870,29.441734,999.000000,969.558266
460050,2157,464923.09,2395,29.443990,999.000000,969.556010
1348260,2913,1350920.24,152,29.447752,999.000000,969.552248
2273520,1171,2278282.85,1409,29.452219,999.000000,969.547781
381270,2867,384641.83,106,29.452724,999.000000,969.547276
2525430,2571,2528466.11,2809,29.454397,999.000000,969.545603
1870770,1344,1871160.31,1582,29.456154,999.000000,969.543846
2014110,863,2016248.73,1101,29.460858,999.000000,969.539142
1927380,69,1930509.75,307,29.467893,999.000000,969.532107
945030,1050,950524.00,1288,29.468569,999.000000,969.531431
2243220,63,2243930.51,301,29.473944,999.000000,969.526056
2500350,187,2501738.48,425,29.482585,999.000000,969.517415
1446990,1104,1452459.71,1342,29.483341,999.000000,969.516659
1439670,1435,1440936.59,1673,29.491209,999.000000,969.508791
2258250,118,2260645.66,356,29.495814,999.000000,969.504186
1057650,2303,1059318.98,2541,29.499965,999.000000,969.500035
831000,2406,837460.40,2644,29.500303,999.000000,969.499697
2188260,2646,2190448.76,2884,29.502664,999.000000,969.497336
2555160,644,2555640.04,882,29.525901,999.000000,969.474099
342480,2658,345182.14,2896,29.537309,999.000000,969.462691
80850,806,86120.14,1044,29.543484,999.000000,969.456516
494400,2437,494814.99,2675,29.560349,999.000000,969.439651
881130,1936,884934.47,2174,29.565077,999.000000,969.434923
1241070,1862,1244205.77,2100,29.569686,999.000000,969.430314
1916760,703,1919489.92,941,29.578944,999.000000,969.421056
1080030,1347,1083271.33,1585,29.580069,999.000000,969.419931
2099520,2186,2101526.25,2424,29.580080,999.000000,969.419920
1874160,2240,1874824.47,2518,29.584094,999.000000,969.415906
1707330,46,1711949.92,284,29.591221,999.000000,969.408779
2425200,2911,2427484.52,150,29.594704,999.000000,969.405296
2092830,1353,2094836.07,1591,29.603276,999.000000,969.396724
1948530,881,1953829.81,1159,29.604293,999.000000,969.395707
1710360,2544,1711574.57,2782,29.604555,999.000000,969.395445
1209960,2759,1212737.13,2997,29.610286,999.000000,969.389714
1367670,1178,1370555.91,1416,29.611772,999.000000,969.388228
573000,2448,574510.99,2686,29.617313,999.000000,969.382687
2534400,669,2538793.35,907,29.623248,999.000000,969.376752
1082370,251,1083900.10,489,29.625116,999.000000,969.374884
836730,2406,837460.40,2644,29.627909,999.000000,969.372091
2237250,2104,2239911.63,2342,29.630030,999.000000,969.369970
1546170,1891,1549130.17,2129,29.631310,999.000000,969.368690
385200,1520,390709.17,1798,29.641749,999.000000,969.358251
699480,1285,699894.69,1523,29.643211,999.000000,969.356789
128040,2036,128417.37,2274,29.648245,999.000000,969.351755
32520,2463,34720.29,2701,29.654560,999.000000,969.345440
1665990,2254,1666519.54,2492,29.661614,999.000000,969.338386
2247060,636,2249340.17,874,29.664428,999.000000,969.335572
1048950,1524,1050719.59,1762,29.667229,999.000000,969.332771
2041110,2074,2043914.39,2312,29.667468,999.000000,969.332532
2346450,22,2348234.62,260,29.669958,999.000000,969.330042
2316990,2347,2319726.03,2585,29.679892,999.000000,969.320108
1673460,1722,1676718.68,1960,29.681198,999.000000,969.318802
1026810,519,1030751.17,757,29.691918,999.000000,969.308082
320880,2329,324450.34,2567,29.694574,999.000000,969.305426
2555130,1324,2559705.26,1562,29.695819,999.000000,969.304181
947700,2111,952469.51,2349,29.698474,999.000000,969.301526
1812180,2033,1813305.09,2271,29.698629,999.000000,969.301371
1515900,223,1518480.54,461,29.701355,999.000000,969.298645
1388190,235,1392240.56,473,29.705392,999.000000,969.294608
1159530,552,1159585.16,790,29.706092,999.000000,969.293908
1005630,187,1008715.58,425,29.717499,999.000000,969.282501
536940,2060,541295.89,2298,29.720227,999.000000,969.279773
1228200,1592,1228604.99,1830,29.722667,999.000000,969.277333
515130,53,517984.34,291,29.731652,999.000000,969.268348
1294770,1687,1295045.11,1925,29.736850,999.000000,969.263150
2430900,392,2435904.55,630,29.738897,999.000000,969.261103
91140,1094,91329.27,1332,29.744015,999.000000,969.255985
2078190,2055,2080709.84,2293,29.749700,999.000000,969.250300
1014060,608,1017360.29,846,29.750908,999.000000,969.249092
670050,2890,672904.97,129,29.760503,999.000000,969.239497
683670,2595,685887.18,2833,29.769444,999.000000,969.230556
1581360,2605,1583368.77,2843,29.772049,999.000000,969.227951
1774050,2899,1776714.70,138,29.775101,999.000000,969.224899
1260960,2043,1262438.43,2281,29.777570,999.000000,969.222430
1270260,2218,1275120.67,2456,29.779397,999.000000,969.220603
859470,2847,862095.97,86,29.781472,999.000000,969.218528
800100,1822,801324.41,2060,29.792107,999.000000,969.207893
693750,1285,699894.69,1523,29.794512,999.000000,969.205488
1153800,552,1159585.16,790,29.796179,999.000000,969.203821
788880,2940,792473.53,179,29.796766,999.000000,969.203234
675900,290,680795.84,528,29.801680,999.000000,969.198320
2170950,2407,2171080.53,2645,29.810965,999.000000,969.189035
557100,2679,558501.26,2917,29.820277,999.000000,969.179723
1881240,951,1881443.93,1189,29.824905,999.000000,969.175095
1866660,413,1869733.97,651,29.829088,999.000000,969.170912
2142840,364,2149194.90,602,29.844057,999.000000,969.155943
73080,1660,77884.97,1898,29.848729,999.000000,969.151271
1568430,456,1572437.94,694,29.852718,999.000000,969.147282
824580,1891,824675.83,2129,29.864397,999.000000,969.135603
2175510,2855,2178494.55,94,29.864426,999.000000,969.135574
279180,101,281540.00,339,29.882207,999.000000,969.117793
2211780,1842,2218778.76,2080,29.882941,999.000000,969.117059
848910,2121,854319.26,2399,29.883679,999.000000,969.116321
947520,2872,950199.66,111,29.901981,999.000000,969.098019
965220,1069,968409.92,1307,29.902308,999.000000,969.097692
1040760,2061,1043000.97,2299,29.909201,999.000000,969.090799
150780,2517,152024.45,2755,29.915688,999.000000,969.084312
1488210,1376,1490966.85,1614,29.921078,999.000000,969.078922
2178660,2793,2182114.82,32,29.921725,999.000000,969.078275
1811640,1357,1813325.04,1595,29.932631,999.000000,969.067369
542400,1702,545495.33,1940,29.942508,999.000000,969.057492
1238220,1642,1244244.11,1880,29.951484,999.000000,969.048516
647670,887,649794.33,1125,29.959753,999.000000,969.040247
1577040,116,1578269.84,354,29.966102,999.000000,969.033898
2085690,883,2093020.66,1121,29.970960,999.000000,969.029040
